0.00000e+00,1.00000e-04,0.00000e+00,0.00000e+00,0.00000e+00,1.00000e-03,0.00000e+00,0.00000e+00,0.00000e+00
3.33333e-02,-1.17992e-02,-1.23948e-02,1.19033e-02,1.23955e-02,-6.91737e-01,-7.20290e-01,6.91712e-01,7.20316e-01
6.66667e-02,-4.37783e-02,-4.56958e-02,4.38816e-02,4.56972e-02,-1.18464e+00,-1.23367e+00,1.18461e+00,1.23370e+00
1.00000e-01,-8.75666e-02,-9.13019e-02,8.76690e-02,9.13042e-02,-1.39103e+00,-1.44898e+00,1.39100e+00,1.44901e+00
1.33333e-01,-1.33070e-01,-1.38710e-01,1.33171e-01,1.38713e-01,-1.28970e+00,-1.34402e+00,1.28968e+00,1.34404e+00
1.66667e-01,-1.70607e-01,-1.77837e-01,1.70707e-01,1.77841e-01,-9.25534e-01,-9.64980e-01,9.25510e-01,9.65004e-01
2.00000e-01,-1.92920e-01,-2.01106e-01,1.93020e-01,2.01110e-01,-3.95675e-01,-4.12656e-01,3.95651e-01,4.12679e-01
2.33333e-01,-1.96533e-01,-2.04872e-01,1.96632e-01,2.04878e-01,1.74955e-01,1.82555e-01,-1.74978e-01,-1.82531e-01
2.66667e-01,-1.82191e-01,-1.89912e-01,1.82290e-01,1.89918e-01,6.62565e-01,6.91024e-01,-6.62588e-01,-6.91001e-01
3.00000e-01,-1.54371e-01,-1.60904e-01,1.54469e-01,1.60911e-01,9.70977e-01,1.01223e+00,-9.70999e-01,-1.01221e+00
3.33333e-01,-1.20028e-01,-1.25109e-01,1.20125e-01,1.25117e-01,1.05001e+00,1.09417e+00,-1.05003e+00,-1.09415e+00
3.66667e-01,-8.69090e-02,-9.06023e-02,8.70052e-02,9.06108e-02,9.02203e-01,9.39875e-01,-9.02226e-01,-9.39853e-01
4.00000e-01,-6.18583e-02,-6.45075e-02,6.19537e-02,6.45168e-02,5.77531e-01,6.01566e-01,-5.77553e-01,-6.01545e-01
4.33333e-01,-4.94596e-02,-5.15926e-02,4.95543e-02,5.16026e-02,1.58537e-01,1.65161e-01,-1.58559e-01,-1.65140e-01
4.66667e-01,-5.12773e-02,-5.34841e-02,5.13714e-02,5.34948e-02,-2.59674e-01,-2.70396e-01,2.59653e-01,2.70417e-01
5.00000e-01,-6.57853e-02,-6.85927e-02,6.58786e-02,6.86041e-02,-5.90017e-01,-6.14485e-01,5.89996e-01,6.14506e-01
5.33333e-01,-8.89335e-02,-9.27030e-02,8.90262e-02,9.27151e-02,-7.70539e-01,-8.02633e-01,7.70518e-01,8.02653e-01
5.66667e-01,-1.15187e-01,-1.20053e-01,1.15279e-01,1.20066e-01,-7.75266e-01,-8.07745e-01,7.75246e-01,8.07765e-01
6.00000e-01,-1.38794e-01,-1.44652e-01,1.38886e-01,1.44666e-01,-6.16983e-01,-6.42990e-01,6.16964e-01,6.43010e-01
6.33333e-01,-1.55012e-01,-1.61555e-01,1.55103e-01,1.61569e-01,-3.41779e-01,-3.56240e-01,3.41760e-01,3.56259e-01
6.66667e-01,-1.61025e-01,-1.67822e-01,1.61115e-01,1.67837e-01,-1.68446e-02,-1.75163e-02,1.68257e-02,1.75352e-02
7.00000e-01,-1.56391e-01,-1.62990e-01,1.56481e-01,1.63005e-01,2.85407e-01,2.97570e-01,-2.85426e-01,-2.97552e-01
7.33333e-01,-1.42946e-01,-1.48973e-01,1.43035e-01,1.48989e-01,5.03157e-01,5.24473e-01,-5.03175e-01,-5.24455e-01
7.66667e-01,-1.24230e-01,-1.29467e-01,1.24318e-01,1.29483e-01,5.97493e-01,6.22661e-01,-5.97511e-01,-6.22643e-01
8.00000e-01,-1.04602e-01,-1.09015e-01,1.04690e-01,1.09032e-01,5.58743e-01,5.82163e-01,-5.58760e-01,-5.82146e-01
8.33333e-01,-8.82552e-02,-9.19832e-02,8.83423e-02,9.20009e-02,4.06005e-01,4.22978e-01,-4.06022e-01,-4.22961e-01
8.66667e-01,-7.83469e-02,-8.16607e-02,7.84334e-02,8.16790e-02,1.80637e-01,1.88197e-01,-1.80654e-01,-1.88180e-01
9.00000e-01,-7.64301e-02,-7.96627e-02,7.65160e-02,7.96816e-02,-6.43007e-02,-6.69372e-02,6.42839e-02,6.69540e-02
9.33333e-01,-8.22603e-02,-8.57345e-02,8.23457e-02,8.57539e-02,-2.76034e-01,-2.87495e-01,2.76018e-01,2.87512e-01
9.66667e-01,-9.39940e-02,-9.79563e-02,9.40788e-02,9.79762e-02,-4.12963e-01,-4.30167e-01,4.12947e-01,4.30184e-01
1.00000e+00,-1.08700e-01,-1.13276e-01,1.08784e-01,1.13296e-01,-4.52393e-01,-4.71305e-01,4.52377e-01,4.71321e-01
1.03333e+00,-1.23057e-01,-1.28234e-01,1.23140e-01,1.28255e-01,-3.93805e-01,-4.10322e-01,3.93789e-01,4.10338e-01
1.06667e+00,-1.34082e-01,-1.39722e-01,1.34165e-01,1.39743e-01,-2.57278e-01,-2.68091e-01,2.57263e-01,2.68106e-01
1.10000e+00,-1.39728e-01,-1.45605e-01,1.39811e-01,1.45627e-01,-7.77116e-02,-8.09613e-02,7.76964e-02,8.09765e-02
1.13333e+00,-1.39243e-01,-1.45099e-01,1.39326e-01,1.45121e-01,1.03692e-01,1.08106e-01,-1.03707e-01,-1.08091e-01
1.16667e+00,-1.33224e-01,-1.38825e-01,1.33306e-01,1.38848e-01,2.48650e-01,2.59166e-01,-2.48665e-01,-2.59152e-01
1.20000e+00,-1.23383e-01,-1.28568e-01,1.23464e-01,1.28591e-01,3.29651e-01,3.43544e-01,-3.29666e-01,-3.43529e-01
1.23333e+00,-1.12095e-01,-1.16805e-01,1.12175e-01,1.16829e-01,3.34894e-01,3.48966e-01,-3.34908e-01,-3.48951e-01
1.26667e+00,-1.01846e-01,-1.06126e-01,1.01926e-01,1.06150e-01,2.69466e-01,2.80768e-01,-2.69480e-01,-2.80754e-01
1.30000e+00,-9.47020e-02,-9.86821e-02,9.47818e-02,9.87071e-02,1.52859e-01,1.59274e-01,-1.52872e-01,-1.59260e-01
1.33333e+00,-9.19076e-02,-9.57699e-02,9.19869e-02,9.57953e-02,1.36585e-02,1.42602e-02,-1.36720e-02,-1.42467e-02
1.36667e+00,-9.36968e-02,-9.76329e-02,9.37758e-02,9.76587e-02,-1.17167e-01,-1.22027e-01,1.17153e-01,1.22040e-01
1.40000e+00,-9.93254e-02,-1.03495e-01,9.94039e-02,1.03522e-01,-2.12907e-01,-2.21775e-01,2.12894e-01,2.21788e-01
1.43333e+00,-1.07305e-01,-1.11808e-01,1.07383e-01,1.11834e-01,-2.56327e-01,-2.67030e-01,2.56315e-01,2.67043e-01
1.46667e+00,-1.15773e-01,-1.20630e-01,1.15851e-01,1.20657e-01,-2.42516e-01,-2.52662e-01,2.42504e-01,2.52674e-01
1.50000e+00,-1.22916e-01,-1.28072e-01,1.22993e-01,1.28099e-01,-1.78948e-01,-1.86441e-01,1.78936e-01,1.86453e-01
1.53333e+00,-1.27341e-01,-1.32682e-01,1.27417e-01,1.32710e-01,-8.29499e-02,-8.64119e-02,8.29377e-02,8.64241e-02
1.56667e+00,-1.28338e-01,-1.33720e-01,1.28414e-01,1.33748e-01,2.27151e-02,2.36996e-02,-2.27271e-02,-2.36875e-02
1.60000e+00,-1.25975e-01,-1.31257e-01,1.26051e-01,1.31286e-01,1.15073e-01,1.19942e-01,-1.15085e-01,-1.19930e-01
1.63333e+00,-1.21021e-01,-1.26093e-01,1.21096e-01,1.26122e-01,1.75808e-01,1.83221e-01,-1.75820e-01,-1.83210e-01
1.66667e+00,-1.14723e-01,-1.19530e-01,1.14798e-01,1.19560e-01,1.94735e-01,2.02930e-01,-1.94747e-01,-2.02919e-01
1.70000e+00,-1.08513e-01,-1.13058e-01,1.08587e-01,1.13088e-01,1.71281e-01,1.78481e-01,-1.71293e-01,-1.78470e-01
1.73333e+00,-1.03685e-01,-1.08028e-01,1.03759e-01,1.08058e-01,1.13810e-01,1.18597e-01,-1.13821e-01,-1.18586e-01
1.76667e+00,-1.01140e-01,-1.05376e-01,1.01214e-01,1.05406e-01,3.71264e-02,3.87043e-02,-3.71373e-02,-3.86934e-02
1.80000e+00,-1.01227e-01,-1.05466e-01,1.01301e-01,1.05497e-01,-4.11453e-02,-4.28406e-02,4.11346e-02,4.28513e-02
1.83333e+00,-1.03716e-01,-1.08057e-01,1.03789e-01,1.08089e-01,-1.04479e-01,-1.08826e-01,1.04469e-01,1.08836e-01
1.86667e+00,-1.07890e-01,-1.12406e-01,1.07963e-01,1.12438e-01,-1.40810e-01,-1.46683e-01,1.40800e-01,1.46693e-01
1.90000e+00,-1.12740e-01,-1.17458e-01,1.12812e-01,1.17490e-01,-1.44694e-01,-1.50736e-01,1.44683e-01,1.50746e-01
1.93333e+00,-1.17193e-01,-1.22097e-01,1.17266e-01,1.22130e-01,-1.17921e-01,-1.22846e-01,1.17911e-01,1.22856e-01
1.96667e+00,-1.20349e-01,-1.25384e-01,1.20421e-01,1.25417e-01,-6.85711e-02,-7.14282e-02,6.85613e-02,7.14380e-02
2.00000e+00,-1.21648e-01,-1.26738e-01,1.21720e-01,1.26771e-01,-8.81726e-03,-9.16499e-03,8.80759e-03,9.17468e-03
2.03333e+00,-1.20970e-01,-1.26030e-01,1.21041e-01,1.26063e-01,4.79593e-02,4.99965e-02,-4.79688e-02,-4.99869e-02
2.06667e+00,-1.18615e-01,-1.23576e-01,1.18686e-01,1.23610e-01,9.00819e-02,9.38859e-02,-9.00913e-02,-9.38765e-02
2.10000e+00,-1.15214e-01,-1.20031e-01,1.15285e-01,1.20065e-01,1.09899e-01,1.14530e-01,-1.09908e-01,-1.14521e-01
2.13333e+00,-1.11565e-01,-1.16228e-01,1.11635e-01,1.16262e-01,1.05059e-01,1.09483e-01,-1.05068e-01,-1.09474e-01
2.16667e+00,-1.08452e-01,-1.12985e-01,1.08522e-01,1.13019e-01,7.85771e-02,8.18888e-02,-7.85860e-02,-8.18799e-02
2.20000e+00,-1.06486e-01,-1.10936e-01,1.06556e-01,1.10971e-01,3.77584e-02,3.93595e-02,-3.77671e-02,-3.93507e-02
2.23333e+00,-1.05987e-01,-1.10414e-01,1.06056e-01,1.10450e-01,-7.68065e-03,-7.98173e-03,7.67197e-03,7.99028e-03
2.26667e+00,-1.06940e-01,-1.11407e-01,1.07009e-01,1.11442e-01,-4.78419e-02,-4.98249e-02,4.78334e-02,4.98333e-02
2.30000e+00,-1.09028e-01,-1.13582e-01,1.09097e-01,1.13617e-01,-7.47340e-02,-7.78447e-02,7.47257e-02,7.78531e-02
2.33333e+00,-1.11722e-01,-1.16388e-01,1.11791e-01,1.16424e-01,-8.37890e-02,-8.72815e-02,8.37808e-02,8.72897e-02
2.36667e+00,-1.14409e-01,-1.19187e-01,1.14477e-01,1.19223e-01,-7.45442e-02,-7.76516e-02,7.45361e-02,7.76596e-02
2.40000e+00,-1.16525e-01,-1.21391e-01,1.16593e-01,1.21428e-01,-5.04119e-02,-5.25086e-02,5.04040e-02,5.25165e-02
2.43333e+00,-1.17673e-01,-1.22587e-01,1.17741e-01,1.22624e-01,-1.76541e-02,-1.83768e-02,1.76463e-02,1.83846e-02
2.46667e+00,-1.17690e-01,-1.22604e-01,1.17758e-01,1.22641e-01,1.61603e-02,1.68567e-02,-1.61680e-02,-1.68490e-02
2.50000e+00,-1.16664e-01,-1.21535e-01,1.16732e-01,1.21572e-01,4.38501e-02,4.57079e-02,-4.38576e-02,-4.57003e-02
2.53333e+00,-1.14895e-01,-1.19690e-01,1.14962e-01,1.19728e-01,6.01019e-02,6.26402e-02,-6.01093e-02,-6.26328e-02
2.56667e+00,-1.12813e-01,-1.17521e-01,1.12880e-01,1.17559e-01,6.24324e-02,6.50668e-02,-6.24397e-02,-6.50596e-02
2.60000e+00,-1.10881e-01,-1.15507e-01,1.10948e-01,1.15546e-01,5.14795e-02,5.36535e-02,-5.14867e-02,-5.36464e-02
2.63333e+00,-1.09492e-01,-1.14060e-01,1.09559e-01,1.14098e-01,3.06157e-02,3.19147e-02,-3.06228e-02,-3.19077e-02
2.66667e+00,-1.08893e-01,-1.13435e-01,1.08960e-01,1.13474e-01,5.01682e-03,5.24324e-03,-5.02376e-03,-5.23632e-03
2.70000e+00,-1.09147e-01,-1.13698e-01,1.09213e-01,1.13737e-01,-1.95676e-02,-2.03713e-02,1.95608e-02,2.03781e-02
2.73333e+00,-1.10130e-01,-1.14722e-01,1.10196e-01,1.14761e-01,-3.80658e-02,-3.96448e-02,3.80591e-02,3.96514e-02
2.76667e+00,-1.11578e-01,-1.16231e-01,1.11644e-01,1.16270e-01,-4.70904e-02,-4.90486e-02,4.70839e-02,4.90553e-02
2.80000e+00,-1.13151e-01,-1.17869e-01,1.13216e-01,1.17908e-01,-4.55134e-02,-4.74064e-02,4.55069e-02,4.74128e-02
2.83333e+00,-1.14507e-01,-1.19281e-01,1.14572e-01,1.19321e-01,-3.45198e-02,-3.59525e-02,3.45134e-02,3.59589e-02
2.86667e+00,-1.15381e-01,-1.20191e-01,1.15446e-01,1.20231e-01,-1.71750e-02,-1.78808e-02,1.71688e-02,1.78871e-02
2.90000e+00,-1.15627e-01,-1.20448e-01,1.15692e-01,1.20488e-01,2.36998e-03,2.48389e-03,-2.37615e-03,-2.47773e-03
2.93333e+00,-1.15246e-01,-1.20050e-01,1.15310e-01,1.20090e-01,1.98374e-02,2.06838e-02,-1.98435e-02,-2.06777e-02
2.96667e+00,-1.14367e-01,-1.19134e-01,1.14431e-01,1.19174e-01,3.17304e-02,3.30751e-02,-3.17364e-02,-3.30692e-02
3.00000e+00,-1.13216e-01,-1.17934e-01,1.13280e-01,1.17974e-01,3.60060e-02,3.75294e-02,-3.60119e-02,-3.75235e-02
3.03333e+00,-1.12055e-01,-1.16724e-01,1.12119e-01,1.16765e-01,3.23832e-02,3.37540e-02,-3.23890e-02,-3.37483e-02
3.06667e+00,-1.11130e-01,-1.15759e-01,1.11193e-01,1.15800e-01,2.22606e-02,2.32067e-02,-2.22663e-02,-2.32010e-02
3.10000e+00,-1.10614e-01,-1.15222e-01,1.10678e-01,1.15263e-01,8.28634e-03,8.64663e-03,-8.29191e-03,-8.64105e-03
3.13333e+00,-1.10584e-01,-1.15190e-01,1.10647e-01,1.15231e-01,-6.29777e-03,-6.54877e-03,6.29229e-03,6.55425e-03
3.16667e+00,-1.11006e-01,-1.15629e-01,1.11070e-01,1.15671e-01,-1.83830e-02,-1.91407e-02,1.83776e-02,1.91461e-02
3.20000e+00,-1.11756e-01,-1.16410e-01,1.11819e-01,1.16452e-01,-2.56382e-02,-2.67003e-02,2.56329e-02,2.67056e-02
3.23333e+00,-1.12649e-01,-1.17340e-01,1.12712e-01,1.17382e-01,-2.69336e-02,-2.80504e-02,2.69284e-02,2.80556e-02
3.26667e+00,-1.13487e-01,-1.18213e-01,1.13550e-01,1.18255e-01,-2.24768e-02,-2.34072e-02,2.24717e-02,2.34123e-02
3.30000e+00,-1.14099e-01,-1.18850e-01,1.14161e-01,1.18892e-01,-1.36672e-02,-1.42285e-02,1.36622e-02,1.42336e-02
3.33333e+00,-1.14374e-01,-1.19136e-01,1.14436e-01,1.19179e-01,-2.70364e-03,-2.80536e-03,2.69867e-03,2.81032e-03
3.36667e+00,-1.14282e-01,-1.19040e-01,1.14345e-01,1.19083e-01,7.94007e-03,8.28451e-03,-7.94495e-03,-8.27963e-03
3.40000e+00,-1.13873e-01,-1.18613e-01,1.13935e-01,1.18656e-01,1.60567e-02,1.67413e-02,-1.60615e-02,-1.67365e-02
3.43333e+00,-1.13257e-01,-1.17971e-01,1.13319e-01,1.18014e-01,2.01482e-02,2.10041e-02,-2.01530e-02,-2.09993e-02
3.46667e+00,-1.12581e-01,-1.17266e-01,1.12642e-01,1.17309e-01,1.96821e-02,2.05180e-02,-1.96867e-02,-2.05134e-02
3.50000e+00,-1.11991e-01,-1.16651e-01,1.12052e-01,1.16694e-01,1.51246e-02,1.57692e-02,-1.51292e-02,-1.57647e-02
3.53333e+00,-1.11604e-01,-1.16247e-01,1.11665e-01,1.16291e-01,7.76275e-03,8.09862e-03,-7.76724e-03,-8.09413e-03
3.56667e+00,-1.11485e-01,-1.16123e-01,1.11546e-01,1.16167e-01,-6.32939e-04,-6.49099e-04,6.28524e-04,6.53514e-04
3.60000e+00,-1.11637e-01,-1.16281e-01,1.11698e-01,1.16325e-01,-8.21828e-03,-8.55250e-03,8.21394e-03,8.55685e-03
3.63333e+00,-1.12007e-01,-1.16666e-01,1.12068e-01,1.16710e-01,-1.34674e-02,-1.40218e-02,1.34631e-02,1.40261e-02
3.66667e+00,-1.12499e-01,-1.17179e-01,1.12559e-01,1.17223e-01,-1.54689e-02,-1.61074e-02,1.54647e-02,1.61116e-02
3.70000e+00,-1.13000e-01,-1.17700e-01,1.13060e-01,1.17745e-01,-1.40657e-02,-1.46456e-02,1.40615e-02,1.46498e-02
3.73333e+00,-1.13405e-01,-1.18122e-01,1.13465e-01,1.18166e-01,-9.82691e-03,-1.02294e-02,9.82285e-03,1.02334e-02
3.76667e+00,-1.13636e-01,-1.18362e-01,1.13696e-01,1.18407e-01,-3.87077e-03,-4.02369e-03,3.86678e-03,4.02768e-03
3.80000e+00,-1.13659e-01,-1.18386e-01,1.13719e-01,1.18431e-01,2.41488e-03,2.52536e-03,-2.41881e-03,-2.52143e-03
3.83333e+00,-1.13486e-01,-1.18206e-01,1.13546e-01,1.18250e-01,7.68474e-03,8.01601e-03,-7.68860e-03,-8.01215e-03
3.86667e+00,-1.13169e-01,-1.17875e-01,1.13229e-01,1.17920e-01,1.09153e-02,1.13819e-02,-1.09191e-02,-1.13781e-02
3.90000e+00,-1.12787e-01,-1.17477e-01,1.12847e-01,1.17521e-01,1.15942e-02,1.20890e-02,-1.15979e-02,-1.20853e-02
3.93333e+00,-1.12424e-01,-1.17098e-01,1.12484e-01,1.17143e-01,9.78572e-03,1.02045e-02,-9.78940e-03,-1.02009e-02
3.96667e+00,-1.12156e-01,-1.16819e-01,1.12215e-01,1.16864e-01,6.07056e-03,6.33349e-03,-6.07418e-03,-6.32988e-03
4.00000e+00,-1.12030e-01,-1.16688e-01,1.12090e-01,1.16733e-01,1.38211e-03,1.44838e-03,-1.38566e-03,-1.44483e-03
4.03333e+00,-1.12063e-01,-1.16721e-01,1.12122e-01,1.16766e-01,-3.21769e-03,-3.34435e-03,3.21420e-03,3.34784e-03
4.06667e+00,-1.12233e-01,-1.16898e-01,1.12293e-01,1.16944e-01,-6.77134e-03,-7.04709e-03,6.76791e-03,7.05053e-03
4.10000e+00,-1.12495e-01,-1.17171e-01,1.12554e-01,1.17217e-01,-8.61829e-03,-8.97161e-03,8.61491e-03,8.97499e-03
4.13333e+00,-1.12786e-01,-1.17474e-01,1.12845e-01,1.17520e-01,-8.50929e-03,-8.85820e-03,8.50597e-03,8.86152e-03
4.16667e+00,-1.13043e-01,-1.17741e-01,1.13101e-01,1.17787e-01,-6.62538e-03,-6.89546e-03,6.62211e-03,6.89872e-03
4.20000e+00,-1.13214e-01,-1.17919e-01,1.13273e-01,1.17965e-01,-3.50517e-03,-3.64458e-03,3.50196e-03,3.64779e-03
4.23333e+00,-1.13271e-01,-1.17978e-01,1.13329e-01,1.18024e-01,9.68913e-05,1.08376e-04,-1.00052e-04,-1.05215e-04
4.26667e+00,-1.13211e-01,-1.17915e-01,1.13269e-01,1.17962e-01,3.38639e-03,3.53566e-03,-3.38949e-03,-3.53255e-03
4.30000e+00,-1.13056e-01,-1.17754e-01,1.13114e-01,1.17800e-01,5.69856e-03,5.94464e-03,-5.70162e-03,-5.94158e-03
4.33333e+00,-1.12846e-01,-1.17535e-01,1.12905e-01,1.17581e-01,6.62722e-03,6.91210e-03,-6.63023e-03,-6.90909e-03
4.36667e+00,-1.12630e-01,-1.17310e-01,1.12689e-01,1.17356e-01,6.08995e-03,6.35218e-03,-6.09291e-03,-6.34922e-03
4.40000e+00,-1.12454e-01,-1.17126e-01,1.12512e-01,1.17173e-01,4.31804e-03,4.50586e-03,-4.32095e-03,-4.50295e-03
4.43333e+00,-1.12351e-01,-1.17018e-01,1.12409e-01,1.17065e-01,1.78337e-03,1.86483e-03,-1.78623e-03,-1.86197e-03
4.46667e+00,-1.12337e-01,-1.17004e-01,1.12395e-01,1.17051e-01,-9.20598e-04,-9.52583e-04,9.17788e-04,9.55396e-04
4.50000e+00,-1.12408e-01,-1.17077e-01,1.12466e-01,1.17124e-01,-3.21289e-03,-3.34107e-03,3.21012e-03,3.34383e-03
4.53333e+00,-1.12542e-01,-1.17217e-01,1.12600e-01,1.17264e-01,-4.64568e-03,-4.83403e-03,4.64296e-03,4.83675e-03
4.56667e+00,-1.12706e-01,-1.17387e-01,1.12763e-01,1.17434e-01,-4.98845e-03,-5.19128e-03,4.98577e-03,5.19395e-03
4.60000e+00,-1.12863e-01,-1.17550e-01,1.12920e-01,1.17597e-01,-4.25783e-03,-4.43014e-03,4.25521e-03,4.43278e-03
4.63333e+00,-1.12980e-01,-1.17673e-01,1.13038e-01,1.17720e-01,-2.69395e-03,-2.80081e-03,2.69136e-03,2.80339e-03
4.66667e+00,-1.13037e-01,-1.17732e-01,1.13095e-01,1.17779e-01,-6.92313e-04,-7.15362e-04,6.89772e-04,7.17909e-04
4.70000e+00,-1.13026e-01,-1.17721e-01,1.13084e-01,1.17768e-01,1.29184e-03,1.35187e-03,-1.29434e-03,-1.34937e-03
4.73333e+00,-1.12956e-01,-1.17647e-01,1.13013e-01,1.17694e-01,2.84361e-03,2.96859e-03,-2.84607e-03,-2.96613e-03
4.76667e+00,-1.12845e-01,-1.17531e-01,1.12902e-01,1.17579e-01,3.67215e-03,3.83177e-03,-3.67458e-03,-3.82935e-03
4.80000e+00,-1.12720e-01,-1.17401e-01,1.12777e-01,1.17449e-01,3.66281e-03,3.82194e-03,-3.66519e-03,-3.81956e-03
4.83333e+00,-1.12609e-01,-1.17285e-01,1.12666e-01,1.17333e-01,2.88572e-03,3.01217e-03,-2.88806e-03,-3.00983e-03
4.86667e+00,-1.12534e-01,-1.17207e-01,1.12591e-01,1.17254e-01,1.56570e-03,1.63673e-03,-1.56800e-03,-1.63443e-03
4.90000e+00,-1.12507e-01,-1.17179e-01,1.12564e-01,1.17227e-01,2.36615e-05,2.99666e-05,-2.59246e-05,-2.77038e-05
4.93333e+00,-1.12531e-01,-1.17203e-01,1.12588e-01,1.17251e-01,-1.39889e-03,-1.45230e-03,1.39667e-03,1.45453e-03
4.96667e+00,-1.12596e-01,-1.17271e-01,1.12653e-01,1.17319e-01,-2.41320e-03,-2.50921e-03,2.41101e-03,2.51140e-03
5.00000e+00,-1.12686e-01,-1.17364e-01,1.12742e-01,1.17412e-01,-2.83946e-03,-2.95343e-03,2.83731e-03,2.95558e-03
5.03333e+00,-1.12779e-01,-1.17460e-01,1.12835e-01,1.17509e-01,-2.63558e-03,-2.74109e-03,2.63346e-03,2.74321e-03
5.06667e+00,-1.12855e-01,-1.17540e-01,1.12912e-01,1.17589e-01,-1.89568e-03,-1.97026e-03,1.89360e-03,1.97234e-03
5.10000e+00,-1.12901e-01,-1.17588e-01,1.12958e-01,1.17636e-01,-8.18735e-04,-8.48251e-04,8.16687e-04,8.50297e-04
5.13333e+00,-1.12909e-01,-1.17596e-01,1.12965e-01,1.17644e-01,3.41700e-04,3.60752e-04,-3.43713e-04,-3.58738e-04
5.16667e+00,-1.12880e-01,-1.17566e-01,1.12936e-01,1.17614e-01,1.33547e-03,1.39610e-03,-1.33745e-03,-1.39412e-03
5.20000e+00,-1.12824e-01,-1.17507e-01,1.12880e-01,1.17555e-01,1.96752e-03,2.05457e-03,-1.96948e-03,-2.05263e-03
5.23333e+00,-1.12754e-01,-1.17434e-01,1.12810e-01,1.17482e-01,2.13502e-03,2.22901e-03,-2.13693e-03,-2.22710e-03
5.26667e+00,-1.12687e-01,-1.17364e-01,1.12743e-01,1.17412e-01,1.84073e-03,1.92231e-03,-1.84261e-03,-1.92043e-03
5.30000e+00,-1.12635e-01,-1.17310e-01,1.12691e-01,1.17359e-01,1.18384e-03,1.23781e-03,-1.18569e-03,-1.23596e-03
5.33333e+00,-1.12610e-01,-1.17283e-01,1.12666e-01,1.17332e-01,3.31683e-04,3.49862e-04,-3.33502e-04,-3.48039e-04
5.36667e+00,-1.12613e-01,-1.17287e-01,1.12669e-01,1.17336e-01,-5.21212e-04,-5.38855e-04,5.19421e-04,5.40646e-04
5.40000e+00,-1.12643e-01,-1.17317e-01,1.12699e-01,1.17366e-01,-1.19587e-03,-1.24186e-03,1.19411e-03,1.24363e-03
5.43333e+00,-1.12690e-01,-1.17366e-01,1.12746e-01,1.17415e-01,-1.56518e-03,-1.62672e-03,1.56345e-03,1.62845e-03
5.46667e+00,-1.12743e-01,-1.17422e-01,1.12799e-01,1.17471e-01,-1.57621e-03,-1.63829e-03,1.57451e-03,1.63999e-03
5.50000e+00,-1.12791e-01,-1.17472e-01,1.12847e-01,1.17521e-01,-1.25591e-03,-1.30463e-03,1.25424e-03,1.30630e-03
5.53333e+00,-1.12824e-01,-1.17506e-01,1.12880e-01,1.17555e-01,-6.98609e-04,-7.24026e-04,6.96961e-04,7.25673e-04
5.56667e+00,-1.12837e-01,-1.17519e-01,1.12892e-01,1.17568e-01,-4.06291e-05,-3.85284e-05,3.90079e-05,4.01474e-05
5.60000e+00,-1.12827e-01,-1.17509e-01,1.12883e-01,1.17558e-01,5.71641e-04,5.99345e-04,-5.73234e-04,-5.97751e-04
5.63333e+00,-1.12800e-01,-1.17480e-01,1.12856e-01,1.17530e-01,1.01340e-03,1.05956e-03,-1.01496e-03,-1.05799e-03
5.66667e+00,-1.12762e-01,-1.17441e-01,1.12818e-01,1.17490e-01,1.20604e-03,1.26021e-03,-1.20758e-03,-1.25867e-03
5.70000e+00,-1.12723e-01,-1.17400e-01,1.12778e-01,1.17449e-01,1.12959e-03,1.18049e-03,-1.13110e-03,-1.17898e-03
5.73333e+00,-1.12690e-01,-1.17365e-01,1.12745e-01,1.17414e-01,8.21969e-04,8.59923e-04,-8.23458e-04,-8.58432e-04
5.76667e+00,-1.12670e-01,-1.17344e-01,1.12725e-01,1.17393e-01,3.66728e-04,3.85541e-04,-3.68195e-04,-3.84077e-04
5.80000e+00,-1.12666e-01,-1.17340e-01,1.12721e-01,1.17389e-01,-1.28534e-04,-1.30538e-04,1.27092e-04,1.31978e-04
5.83333e+00,-1.12678e-01,-1.17352e-01,1.12733e-01,1.17402e-01,-5.56667e-04,-5.76673e-04,5.55248e-04,5.78089e-04
5.86667e+00,-1.12701e-01,-1.17377e-01,1.12756e-01,1.17426e-01,-8.33305e-04,-8.64963e-04,8.31910e-04,8.66355e-04
5.90000e+00,-1.12731e-01,-1.17407e-01,1.12786e-01,1.17457e-01,-9.12818e-04,-9.47864e-04,9.11447e-04,9.49234e-04
5.93333e+00,-1.12760e-01,-1.17437e-01,1.12815e-01,1.17487e-01,-7.94686e-04,-8.24833e-04,7.93338e-04,8.26181e-04
5.96667e+00,-1.12782e-01,-1.17461e-01,1.12837e-01,1.17510e-01,-5.19839e-04,-5.38517e-04,5.18513e-04,5.39843e-04
6.00000e+00,-1.12794e-01,-1.17472e-01,1.12849e-01,1.17522e-01,-1.58706e-04,-1.62298e-04,1.57403e-04,1.63602e-04
6.03333e+00,-1.12793e-01,-1.17471e-01,1.12848e-01,1.17521e-01,2.05837e-04,2.17476e-04,-2.07118e-04,-2.16193e-04
6.06667e+00,-1.12781e-01,-1.17459e-01,1.12836e-01,1.17508e-01,4.96953e-04,5.20745e-04,-4.98212e-04,-5.19483e-04
6.10000e+00,-1.12761e-01,-1.17438e-01,1.12816e-01,1.17488e-01,6.59413e-04,6.89967e-04,-6.60650e-04,-6.88724e-04
6.13333e+00,-1.12738e-01,-1.17414e-01,1.12793e-01,1.17464e-01,6.69625e-04,7.00559e-04,-6.70844e-04,-6.99338e-04
6.16667e+00,-1.12718e-01,-1.17393e-01,1.12772e-01,1.17443e-01,5.37769e-04,5.63127e-04,-5.38971e-04,-5.61930e-04
6.20000e+00,-1.12704e-01,-1.17378e-01,1.12758e-01,1.17428e-01,3.03686e-04,3.19185e-04,-3.04863e-04,-3.18004e-04
6.23333e+00,-1.12698e-01,-1.17372e-01,1.12753e-01,1.17422e-01,2.52051e-05,2.89863e-05,-2.63599e-05,-2.78213e-05
6.26667e+00,-1.12702e-01,-1.17376e-01,1.12756e-01,1.17426e-01,-2.35910e-04,-2.43122e-04,2.34762e-04,2.44256e-04
6.30000e+00,-1.12713e-01,-1.17388e-01,1.12768e-01,1.17438e-01,-4.26413e-04,-4.41655e-04,4.25283e-04,4.42769e-04
6.33333e+00,-1.12729e-01,-1.17404e-01,1.12784e-01,1.17454e-01,-5.11854e-04,-5.30718e-04,5.10757e-04,5.31827e-04
6.36667e+00,-1.12746e-01,-1.17422e-01,1.12801e-01,1.17472e-01,-4.82861e-04,-5.00554e-04,4.81775e-04,5.01638e-04
6.40000e+00,-1.12760e-01,-1.17436e-01,1.12815e-01,1.17487e-01,-3.55202e-04,-3.67589e-04,3.54126e-04,3.68647e-04
6.43333e+00,-1.12769e-01,-1.17445e-01,1.12823e-01,1.17496e-01,-1.64214e-04,-1.68632e-04,1.63178e-04,1.69693e-04
6.46667e+00,-1.12771e-01,-1.17447e-01,1.12825e-01,1.17498e-01,4.49567e-05,4.92641e-05,-4.59879e-05,-4.82317e-05
6.50000e+00,-1.12766e-01,-1.17442e-01,1.12821e-01,1.17493e-01,2.27250e-04,2.39151e-04,-2.28296e-04,-2.38168e-04
6.53333e+00,-1.12756e-01,-1.17432e-01,1.12811e-01,1.17482e-01,3.46664e-04,3.63542e-04,-3.47649e-04,-3.62531e-04
6.56667e+00,-1.12744e-01,-1.17419e-01,1.12798e-01,1.17469e-01,3.83092e-04,4.01454e-04,-3.84074e-04,-4.00474e-04
6.60000e+00,-1.12732e-01,-1.17406e-01,1.12786e-01,1.17457e-01,3.35546e-04,3.51880e-04,-3.36502e-04,-3.50906e-04
6.63333e+00,-1.12722e-01,-1.17396e-01,1.12777e-01,1.17447e-01,2.21323e-04,2.32835e-04,-2.22246e-04,-2.31860e-04
6.66667e+00,-1.12717e-01,-1.17391e-01,1.12772e-01,1.17442e-01,7.01714e-05,7.53011e-05,-7.11198e-05,-7.43826e-05
6.70000e+00,-1.12718e-01,-1.17391e-01,1.12772e-01,1.17442e-01,-8.31939e-05,-8.45310e-05,8.22539e-05,8.54269e-05
6.73333e+00,-1.12723e-01,-1.17397e-01,1.12777e-01,1.17447e-01,-2.06725e-04,-2.13264e-04,2.05850e-04,2.14195e-04
6.76667e+00,-1.12731e-01,-1.17405e-01,1.12785e-01,1.17456e-01,-2.77092e-04,-2.86623e-04,2.76203e-04,2.87510e-04
6.80000e+00,-1.12740e-01,-1.17415e-01,1.12795e-01,1.17466e-01,-2.83679e-04,-2.93527e-04,2.82774e-04,2.94369e-04
6.83333e+00,-1.12749e-01,-1.17424e-01,1.12803e-01,1.17475e-01,-2.30175e-04,-2.37810e-04,2.29306e-04,2.38658e-04
6.86667e+00,-1.12755e-01,-1.17430e-01,1.12809e-01,1.17481e-01,-1.32786e-04,-1.36369e-04,1.31945e-04,1.37216e-04
6.90000e+00,-1.12758e-01,-1.17433e-01,1.12812e-01,1.17484e-01,-1.57349e-05,-1.44392e-05,1.49280e-05,1.52930e-05
6.93333e+00,-1.12756e-01,-1.17431e-01,1.12810e-01,1.17482e-01,9.46812e-05,1.00563e-04,-9.55190e-05,-9.97671e-05
6.96667e+00,-1.12752e-01,-1.17426e-01,1.12806e-01,1.17477e-01,1.75744e-04,1.85000e-04,-1.76531e-04,-1.84181e-04
7.00000e+00,-1.12745e-01,-1.17419e-01,1.12799e-01,1.17470e-01,2.12613e-04,2.23388e-04,-2.13367e-04,-2.22562e-04
7.03333e+00,-1.12738e-01,-1.17412e-01,1.12792e-01,1.17463e-01,2.01135e-04,2.11389e-04,-2.01915e-04,-2.10616e-04
7.06667e+00,-1.12732e-01,-1.17406e-01,1.12786e-01,1.17457e-01,1.48177e-04,1.56183e-04,-1.48935e-04,-1.55413e-04
7.10000e+00,-1.12728e-01,-1.17402e-01,1.12782e-01,1.17453e-01,6.85491e-05,7.31954e-05,-6.92614e-05,-7.24053e-05
7.13333e+00,-1.12728e-01,-1.17401e-01,1.12782e-01,1.17452e-01,-1.86752e-05,-1.77263e-05,1.79240e-05,1.84526e-05
7.16667e+00,-1.12730e-01,-1.17403e-01,1.12783e-01,1.17454e-01,-9.47125e-05,-9.69899e-05,9.39301e-05,9.76604e-05
7.20000e+00,-1.12734e-01,-1.17407e-01,1.12788e-01,1.17458e-01,-1.44813e-04,-1.49194e-04,1.44152e-04,1.49961e-04
7.23333e+00,-1.12739e-01,-1.17413e-01,1.12793e-01,1.17464e-01,-1.60642e-04,-1.65710e-04,1.60009e-04,1.66482e-04
7.26667e+00,-1.12744e-01,-1.17418e-01,1.12798e-01,1.17469e-01,-1.41529e-04,-1.45857e-04,1.40765e-04,1.46474e-04
7.30000e+00,-1.12748e-01,-1.17422e-01,1.12802e-01,1.17473e-01,-9.43791e-05,-9.67565e-05,9.36276e-05,9.73641e-05
7.33333e+00,-1.12750e-01,-1.17424e-01,1.12804e-01,1.17475e-01,-3.15212e-05,-3.12468e-05,3.09672e-05,3.20294e-05
7.36667e+00,-1.12750e-01,-1.17424e-01,1.12804e-01,1.17475e-01,3.24479e-05,3.53624e-05,-3.30576e-05,-3.46577e-05
7.40000e+00,-1.12748e-01,-1.17422e-01,1.12802e-01,1.17473e-01,8.38787e-05,8.88764e-05,-8.46793e-05,-8.83844e-05
7.43333e+00,-1.12745e-01,-1.17418e-01,1.12798e-01,1.17469e-01,1.12957e-04,1.19183e-04,-1.13597e-04,-1.18552e-04
7.46667e+00,-1.12741e-01,-1.17414e-01,1.12794e-01,1.17465e-01,1.15623e-04,1.21977e-04,-1.16078e-04,-1.21182e-04
7.50000e+00,-1.12737e-01,-1.17410e-01,1.12791e-01,1.17462e-01,9.37245e-05,9.90842e-05,-9.43933e-05,-9.85236e-05
7.53333e+00,-1.12735e-01,-1.17408e-01,1.12788e-01,1.17459e-01,5.38825e-05,5.75214e-05,-5.46550e-05,-5.70848e-05
7.56667e+00,-1.12734e-01,-1.17407e-01,1.12787e-01,1.17458e-01,5.92592e-06,7.59504e-06,-6.41304e-06,-6.89316e-06
7.60000e+00,-1.12734e-01,-1.17407e-01,1.12788e-01,1.17458e-01,-3.92761e-05,-3.95150e-05,3.88399e-05,4.02481e-05
7.63333e+00,-1.12736e-01,-1.17409e-01,1.12790e-01,1.17460e-01,-7.24303e-05,-7.41511e-05,7.17050e-05,7.45758e-05
7.66667e+00,-1.12739e-01,-1.17412e-01,1.12793e-01,1.17463e-01,-8.77063e-05,-9.00831e-05,8.70212e-05,9.05289e-05
7.70000e+00,-1.12742e-01,-1.17415e-01,1.12795e-01,1.17466e-01,-8.34093e-05,-8.55714e-05,8.29767e-05,8.62510e-05
7.73333e+00,-1.12744e-01,-1.17418e-01,1.12798e-01,1.17469e-01,-6.19892e-05,-6.33411e-05,6.12785e-05,6.37241e-05
7.76667e+00,-1.12746e-01,-1.17419e-01,1.12799e-01,1.17470e-01,-2.94802e-05,-2.96191e-05,2.82268e-05,2.94414e-05
7.80000e+00,-1.12746e-01,-1.17419e-01,1.12800e-01,1.17471e-01,6.10653e-06,7.53216e-06,-6.94343e-06,-7.31129e-06
7.83333e+00,-1.12746e-01,-1.17419e-01,1.12799e-01,1.17470e-01,3.71758e-05,4.00548e-05,-3.72684e-05,-3.91071e-05
7.86667e+00,-1.12744e-01,-1.17417e-01,1.12797e-01,1.17468e-01,5.79402e-05,6.15530e-05,-5.85261e-05,-6.11159e-05
7.90000e+00,-1.12742e-01,-1.17415e-01,1.12795e-01,1.17466e-01,6.46193e-05,6.84960e-05,-6.51787e-05,-6.80493e-05
7.93333e+00,-1.12740e-01,-1.17412e-01,1.12793e-01,1.17464e-01,5.70569e-05,6.06295e-05,-5.74687e-05,-6.00519e-05
7.96667e+00,-1.12738e-01,-1.17411e-01,1.12792e-01,1.17462e-01,3.80722e-05,4.07999e-05,-3.86043e-05,-4.03590e-05
8.00000e+00,-1.12737e-01,-1.17410e-01,1.12791e-01,1.17461e-01,1.25007e-05,1.41426e-05,-1.30026e-05,-1.36876e-05
8.03333e+00,-1.12737e-01,-1.17410e-01,1.12791e-01,1.17461e-01,-1.37534e-05,-1.32050e-05,1.33701e-05,1.37627e-05
8.06667e+00,-1.12738e-01,-1.17411e-01,1.12792e-01,1.17462e-01,-3.50989e-05,-3.54703e-05,3.46943e-05,3.59911e-05
8.10000e+00,-1.12740e-01,-1.17412e-01,1.12793e-01,1.17464e-01,-4.74391e-05,-4.83599e-05,4.69810e-05,4.88119e-05
8.13333e+00,-1.12741e-01,-1.17414e-01,1.12795e-01,1.17465e-01,-4.88385e-05,-4.98365e-05,4.83841e-05,5.02771e-05
8.16667e+00,-1.12743e-01,-1.17415e-01,1.12796e-01,1.17467e-01,-3.97840e-05,-4.04171e-05,3.93488e-05,4.08621e-05
8.20000e+00,-1.12744e-01,-1.17416e-01,1.12797e-01,1.17468e-01,-2.27511e-05,-2.26851e-05,2.23329e-05,2.31326e-05
8.23333e+00,-1.12744e-01,-1.17417e-01,1.12798e-01,1.17468e-01,-1.86842e-06,-9.44162e-07,1.45651e-06,1.38350e-06
8.26667e+00,-1.12744e-01,-1.17417e-01,1.12797e-01,1.17468e-01,1.79250e-05,1.96573e-05,-1.83520e-05,-1.92471e-05
8.30000e+00,-1.12743e-01,-1.17416e-01,1.12796e-01,1.17467e-01,3.24153e-05,3.47375e-05,-3.28400e-05,-3.43390e-05
8.33333e+00,-1.12742e-01,-1.17414e-01,1.12795e-01,1.17466e-01,3.85775e-05,4.11489e-05,-3.89659e-05,-4.07276e-05
8.36667e+00,-1.12741e-01,-1.17413e-01,1.12794e-01,1.17465e-01,3.54695e-05,3.79013e-05,-3.58237e-05,-3.74593e-05
8.40000e+00,-1.12740e-01,-1.17412e-01,1.12793e-01,1.17463e-01,2.42756e-05,2.62194e-05,-2.46380e-05,-2.57988e-05
8.43333e+00,-1.12739e-01,-1.17411e-01,1.12792e-01,1.17463e-01,8.00103e-06,9.23423e-06,-8.41402e-06,-8.87718e-06
8.46667e+00,-1.12739e-01,-1.17411e-01,1.12792e-01,1.17463e-01,-9.26313e-06,-8.77699e-06,8.82067e-06,9.09182e-06
8.50000e+00,-1.12740e-01,-1.17412e-01,1.12793e-01,1.17463e-01,-2.33029e-05,-2.34066e-05,2.29250e-05,2.37734e-05
8.53333e+00,-1.12741e-01,-1.17413e-01,1.12794e-01,1.17464e-01,-3.10054e-05,-3.14402e-05,3.06610e-05,3.18282e-05
8.56667e+00,-1.12742e-01,-1.17414e-01,1.12795e-01,1.17465e-01,-3.11108e-05,-3.15686e-05,3.07539e-05,3.19319e-05
8.60000e+00,-1.12743e-01,-1.17415e-01,1.12796e-01,1.17466e-01,-2.43951e-05,-2.45869e-05,2.40369e-05,2.49370e-05
8.63333e+00,-1.12743e-01,-1.17415e-01,1.12796e-01,1.17467e-01,-1.29611e-05,-1.26858e-05,1.26161e-05,1.30373e-05
8.66667e+00,-1.12743e-01,-1.17416e-01,1.12797e-01,1.17467e-01,3.22491e-07,1.14139e-06,-6.60416e-07,-7.94265e-07
8.70000e+00,-1.12743e-01,-1.17415e-01,1.12796e-01,1.17467e-01,1.24432e-05,1.37562e-05,-1.27783e-05,-1.34176e-05
8.73333e+00,-1.12743e-01,-1.17415e-01,1.12796e-01,1.17466e-01,2.08581e-05,2.25104e-05,-2.11890e-05,-2.21788e-05
8.76667e+00,-1.12742e-01,-1.17414e-01,1.12795e-01,1.17466e-01,2.38521e-05,2.56161e-05,-2.41812e-05,-2.52936e-05
8.80000e+00,-1.12741e-01,-1.17413e-01,1.12794e-01,1.17465e-01,2.12726e-05,2.29145e-05,-2.16015e-05,-2.26027e-05
8.83333e+00,-1.12740e-01,-1.17412e-01,1.12794e-01,1.17464e-01,1.41758e-05,1.55094e-05,-1.44923e-05,-1.51959e-05
8.86667e+00,-1.12740e-01,-1.17412e-01,1.12793e-01,1.17464e-01,4.52144e-06,5.43791e-06,-4.83380e-06,-5.13057e-06
8.90000e+00,-1.12740e-01,-1.17412e-01,1.12793e-01,1.17464e-01,-5.23798e-06,-4.74324e-06,4.92832e-06,5.04302e-06
8.93333e+00,-1.12741e-01,-1.17412e-01,1.12793e-01,1.17464e-01,-1.30238e-05,-1.28641e-05,1.27327e-05,1.31722e-05
8.96667e+00,-1.12741e-01,-1.17413e-01,1.12794e-01,1.17465e-01,-1.73314e-05,-1.73656e-05,1.70377e-05,1.76613e-05
9.00000e+00,-1.12742e-01,-1.17413e-01,1.12795e-01,1.17465e-01,-1.70922e-05,-1.71255e-05,1.68135e-05,1.74264e-05
9.03333e+00,-1.12742e-01,-1.17414e-01,1.12795e-01,1.17466e-01,-1.31459e-05,-1.30266e-05,1.28652e-05,1.33160e-05
9.06667e+00,-1.12743e-01,-1.17414e-01,1.12796e-01,1.17466e-01,-6.40442e-06,-6.01860e-06,6.10824e-06,6.28301e-06
9.10000e+00,-1.12743e-01,-1.17414e-01,1.12796e-01,1.17466e-01,1.03769e-06,1.71748e-06,-1.35852e-06,-1.48701e-06
9.13333e+00,-1.12742e-01,-1.17414e-01,1.12795e-01,1.17466e-01,7.28694e-06,8.21916e-06,-7.59845e-06,-7.98851e-06
9.16667e+00,-1.12742e-01,-1.17414e-01,1.12795e-01,1.17466e-01,1.05695e-05,1.16414e-05,-1.08244e-05,-1.13631e-05
9.20000e+00,-1.12742e-01,-1.17413e-01,1.12795e-01,1.17465e-01,1.01179e-05,1.11781e-05,-1.02956e-05,-1.08315e-05
9.23333e+00,-1.12741e-01,-1.17413e-01,1.12794e-01,1.17465e-01,6.53228e-06,7.43523e-06,-6.69182e-06,-7.07911e-06
9.26667e+00,-1.12741e-01,-1.17413e-01,1.12794e-01,1.17465e-01,1.68925e-06,2.35474e-06,-1.94463e-06,-2.10301e-06
9.30000e+00,-1.12741e-01,-1.17413e-01,1.12794e-01,1.17465e-01,-2.57637e-06,-2.10304e-06,2.30985e-06,2.33524e-06
9.33333e+00,-1.12741e-01,-1.17413e-01,1.12794e-01,1.17465e-01,-5.38648e-06,-5.03730e-06,5.13749e-06,5.27876e-06
9.36667e+00,-1.12742e-01,-1.17413e-01,1.12794e-01,1.17465e-01,-6.57598e-06,-6.27982e-06,6.35764e-06,6.54380e-06
9.40000e+00,-1.12742e-01,-1.17413e-01,1.12795e-01,1.17465e-01,-6.72821e-06,-6.45282e-06,6.49348e-06,6.69242e-06
9.43333e+00,-1.12742e-01,-1.17414e-01,1.12795e-01,1.17465e-01,-5.61700e-06,-5.30632e-06,5.37758e-06,5.53337e-06
9.46667e+00,-1.12742e-01,-1.17414e-01,1.12795e-01,1.17466e-01,-3.43238e-06,-3.03914e-06,3.19693e-06,3.26244e-06
9.50000e+00,-1.12742e-01,-1.17414e-01,1.12795e-01,1.17466e-01,-4.58650e-07,5.27946e-08,2.37211e-07,1.76907e-07
9.53333e+00,-1.12742e-01,-1.17414e-01,1.12795e-01,1.17466e-01,2.63682e-06,3.27232e-06,-2.84181e-06,-3.03364e-06
9.56667e+00,-1.12742e-01,-1.17414e-01,1.12795e-01,1.17465e-01,4.76696e-06,5.48895e-06,-4.94441e-06,-5.23008e-06
9.60000e+00,-1.12742e-01,-1.17413e-01,1.12795e-01,1.17465e-01,5.73525e-06,6.48797e-06,-5.91474e-06,-6.23837e-06
9.63333e+00,-1.12742e-01,-1.17413e-01,1.12795e-01,1.17465e-01,5.14688e-06,5.85916e-06,-5.35331e-06,-5.64361e-06
9.66667e+00,-1.12742e-01,-1.17413e-01,1.12794e-01,1.17465e-01,3.25610e-06,3.89347e-06,-3.40738e-06,-3.62977e-06
9.70000e+00,-1.12741e-01,-1.17413e-01,1.12794e-01,1.17465e-01,6.79604e-07,1.18766e-06,-8.81856e-07,-9.81802e-07
9.73333e+00,-1.12741e-01,-1.17413e-01,1.12794e-01,1.17465e-01,-1.88772e-06,-1.52781e-06,1.55487e-06,1.59630e-06
9.76667e+00,-1.12742e-01,-1.17413e-01,1.12794e-01,1.17465e-01,-3.91165e-06,-3.63115e-06,3.63656e-06,3.75075e-06
9.80000e+00,-1.12742e-01,-1.17413e-01,1.12795e-01,1.17465e-01,-5.20023e-06,-4.98221e-06,4.92516e-06,5.09529e-06
9.83333e+00,-1.12742e-01,-1.17413e-01,1.12795e-01,1.17465e-01,-5.28115e-06,-5.05758e-06,5.07712e-06,5.23527e-06
9.86667e+00,-1.12742e-01,-1.17413e-01,1.12795e-01,1.17465e-01,-4.38958e-06,-4.13251e-06,4.20326e-06,4.32160e-06
9.90000e+00,-1.12742e-01,-1.17414e-01,1.12795e-01,1.17466e-01,-2.54316e-06,-2.21558e-06,2.36171e-06,2.40331e-06
9.93333e+00,-1.12742e-01,-1.17414e-01,1.12795e-01,1.17466e-01,-1.25339e-07,2.96000e-07,-5.47379e-08,-1.13017e-07
9.96667e+00,-1.12742e-01,-1.17414e-01,1.12795e-01,1.17466e-01,2.30288e-06,2.81822e-06,-2.48293e-06,-2.64122e-06
1.00000e+01,-1.12742e-01,-1.17413e-01,1.12795e-01,1.17465e-01,4.24424e-06,4.83389e-06,-4.42177e-06,-4.66029e-06
1.00333e+01,-1.12742e-01,-1.17413e-01,1.12795e-01,1.17465e-01,5.38982e-06,6.01980e-06,-5.56794e-06,-5.85262e-06
1.00667e+01,-1.12742e-01,-1.17413e-01,1.12795e-01,1.17465e-01,5.21779e-06,5.83266e-06,-5.39792e-06,-5.67320e-06
1.01000e+01,-1.12742e-01,-1.17413e-01,1.12794e-01,1.17465e-01,3.61086e-06,4.15091e-06,-3.79169e-06,-3.99778e-06
1.01333e+01,-1.12742e-01,-1.17413e-01,1.12794e-01,1.17465e-01,1.30437e-06,1.74274e-06,-1.47631e-06,-1.58626e-06
1.01667e+01,-1.12742e-01,-1.17413e-01,1.12794e-01,1.17465e-01,-1.37366e-06,-1.05115e-06,1.21585e-06,1.21632e-06
1.02000e+01,-1.12742e-01,-1.17413e-01,1.12794e-01,1.17465e-01,-3.72235e-06,-3.50325e-06,3.57257e-06,3.67110e-06
1.02333e+01,-1.12742e-01,-1.17413e-01,1.12794e-01,1.17465e-01,-5.32315e-06,-5.17726e-06,5.17627e-06,5.34276e-06
1.02667e+01,-1.12742e-01,-1.17413e-01,1.12795e-01,1.17465e-01,-5.65707e-06,-5.53311e-06,5.50524e-06,5.68847e-06
1.03000e+01,-1.12742e-01,-1.17413e-01,1.12795e-01,1.17465e-01,-4.85062e-06,-4.70017e-06,4.69590e-06,4.84755e-06
1.03333e+01,-1.12742e-01,-1.17413e-01,1.12795e-01,1.17466e-01,-2.89577e-06,-2.66873e-06,2.74572e-06,2.81577e-06
1.03667e+01,-1.12742e-01,-1.17413e-01,1.12795e-01,1.17466e-01,-2.69899e-07,6.19681e-08,1.24480e-07,8.47887e-08
1.04000e+01,-1.12742e-01,-1.17413e-01,1.12795e-01,1.17466e-01,2.48004e-06,2.92220e-06,-2.62015e-06,-2.77497e-06
1.04333e+01,-1.12742e-01,-1.17413e-01,1.12795e-01,1.17465e-01,4.73411e-06,5.26526e-06,-4.87145e-06,-5.12002e-06
1.04667e+01,-1.12742e-01,-1.17413e-01,1.12795e-01,1.17465e-01,5.58570e-06,6.14553e-06,-5.72688e-06,-6.00881e-06
1.05000e+01,-1.12742e-01,-1.17413e-01,1.12795e-01,1.17465e-01,5.28089e-06,5.82190e-06,-5.42237e-06,-5.69010e-06
1.05333e+01,-1.12742e-01,-1.17413e-01,1.12794e-01,1.17465e-01,3.72747e-06,4.19905e-06,-3.86268e-06,-4.06550e-06
1.05667e+01,-1.12742e-01,-1.17413e-01,1.12794e-01,1.17465e-01,1.32290e-06,1.68980e-06,-1.45042e-06,-1.55302e-06
1.06000e+01,-1.12742e-01,-1.17413e-01,1.12794e-01,1.17465e-01,-1.40408e-06,-1.15540e-06,1.28376e-06,1.29500e-06
1.06333e+01,-1.12742e-01,-1.17413e-01,1.12794e-01,1.17465e-01,-3.72629e-06,-3.58075e-06,3.60511e-06,3.71519e-06
1.06667e+01,-1.12742e-01,-1.17413e-01,1.12794e-01,1.17465e-01,-5.24100e-06,-5.16510e-06,5.11717e-06,5.29265e-06
1.07000e+01,-1.12742e-01,-1.17413e-01,1.12795e-01,1.17465e-01,-5.42631e-06,-5.36380e-06,5.30158e-06,5.48629e-06
1.07333e+01,-1.12742e-01,-1.17413e-01,1.12795e-01,1.17465e-01,-4.31789e-06,-4.21385e-06,4.19476e-06,4.33384e-06
1.07667e+01,-1.12742e-01,-1.17413e-01,1.12795e-01,1.17466e-01,-1.96778e-06,-1.76896e-06,1.85071e-06,1.89098e-06
1.08000e+01,-1.12742e-01,-1.17413e-01,1.12795e-01,1.17466e-01,9.43745e-07,1.26049e-06,-1.05668e-06,-1.13829e-06
1.08333e+01,-1.12742e-01,-1.17413e-01,1.12795e-01,1.17465e-01,3.68789e-06,4.11469e-06,-3.80046e-06,-3.99603e-06
1.08667e+01,-1.12742e-01,-1.17413e-01,1.12795e-01,1.17465e-01,5.46866e-06,5.96521e-06,-5.58100e-06,-5.85014e-06
1.09000e+01,-1.12742e-01,-1.17413e-01,1.12795e-01,1.17465e-01,5.24027e-06,5.72244e-06,-5.35226e-06,-5.61080e-06
1.09333e+01,-1.12742e-01,-1.17413e-01,1.12794e-01,1.17465e-01,3.88063e-06,4.30146e-06,-3.99076e-06,-4.19166e-06
1.09667e+01,-1.12742e-01,-1.17413e-01,1.12794e-01,1.17465e-01,1.81286e-06,2.14275e-06,-1.92114e-06,-2.03474e-06
1.10000e+01,-1.12742e-01,-1.17413e-01,1.12794e-01,1.17465e-01,-5.21212e-07,-2.93297e-07,4.15033e-07,3.99822e-07
1.10333e+01,-1.12742e-01,-1.17413e-01,1.12794e-01,1.17465e-01,-2.60443e-06,-2.46789e-06,2.50036e-06,2.57300e-06
1.10667e+01,-1.12742e-01,-1.17413e-01,1.12794e-01,1.17465e-01,-4.09847e-06,-4.02885e-06,3.99522e-06,4.13132e-06
1.11000e+01,-1.12742e-01,-1.17413e-01,1.12795e-01,1.17465e-01,-4.68727e-06,-4.64701e-06,4.58305e-06,4.74510e-06
1.11333e+01,-1.12742e-01,-1.17413e-01,1.12795e-01,1.17465e-01,-4.40432e-06,-4.35594e-06,4.30252e-06,4.45310e-06
1.11667e+01,-1.12742e-01,-1.17413e-01,1.12795e-01,1.17465e-01,-3.24806e-06,-3.15449e-06,3.15029e-06,3.25238e-06
1.12000e+01,-1.12742e-01,-1.17413e-01,1.12795e-01,1.17465e-01,-1.48443e-06,-1.32077e-06,1.38816e-06,1.41691e-06
1.12333e+01,-1.12742e-01,-1.17413e-01,1.12795e-01,1.17466e-01,4.71712e-07,7.14017e-07,-5.64820e-07,-6.17901e-07
1.12667e+01,-1.12742e-01,-1.17413e-01,1.12795e-01,1.17465e-01,2.31540e-06,2.63213e-06,-2.40367e-06,-2.53431e-06
1.13000e+01,-1.12742e-01,-1.17413e-01,1.12795e-01,1.17465e-01,3.66850e-06,4.03892e-06,-3.75284e-06,-3.94026e-06
1.13333e+01,-1.12742e-01,-1.17413e-01,1.12795e-01,1.17465e-01,4.11328e-06,4.49924e-06,-4.19433e-06,-4.40031e-06
1.13667e+01,-1.12742e-01,-1.17413e-01,1.12795e-01,1.17465e-01,3.93381e-06,4.30820e-06,-4.01551e-06,-4.21291e-06
1.14000e+01,-1.12742e-01,-1.17413e-01,1.12794e-01,1.17465e-01,2.82754e-06,3.15055e-06,-2.91399e-06,-3.06295e-06
1.14333e+01,-1.12742e-01,-1.17413e-01,1.12794e-01,1.17465e-01,1.14432e-06,1.39154e-06,-1.23672e-06,-1.31277e-06
1.14667e+01,-1.12742e-01,-1.17413e-01,1.12794e-01,1.17465e-01,-7.95721e-07,-6.34549e-07,6.99172e-07,7.06338e-07
1.15000e+01,-1.12742e-01,-1.17413e-01,1.12794e-01,1.17465e-01,-2.66890e-06,-2.59079e-06,2.56870e-06,2.65614e-06
1.15333e+01,-1.12742e-01,-1.17413e-01,1.12794e-01,1.17465e-01,-4.02975e-06,-4.01417e-06,3.92188e-06,4.06910e-06
1.15667e+01,-1.12742e-01,-1.17413e-01,1.12795e-01,1.17465e-01,-4.48412e-06,-4.49301e-06,4.36860e-06,4.53760e-06
1.16000e+01,-1.12742e-01,-1.17413e-01,1.12795e-01,1.17465e-01,-4.25284e-06,-4.25283e-06,4.14790e-06,4.30535e-06
1.16333e+01,-1.12742e-01,-1.17413e-01,1.12795e-01,1.17465e-01,-3.08616e-06,-3.03209e-06,3.01527e-06,3.11605e-06
1.16667e+01,-1.12742e-01,-1.17413e-01,1.12795e-01,1.17465e-01,-1.53006e-06,-1.41128e-06,1.47042e-06,1.50392e-06
1.17000e+01,-1.12742e-01,-1.17413e-01,1.12795e-01,1.17465e-01,1.18768e-07,2.97319e-07,-2.02605e-07,-2.31398e-07
1.17333e+01,-1.12742e-01,-1.17413e-01,1.12795e-01,1.17465e-01,1.74353e-06,1.98620e-06,-1.83041e-06,-1.92580e-06
1.17667e+01,-1.12742e-01,-1.17413e-01,1.12795e-01,1.17465e-01,3.01386e-06,3.32082e-06,-3.04411e-06,-3.20623e-06
1.18000e+01,-1.12742e-01,-1.17413e-01,1.12795e-01,1.17465e-01,3.64603e-06,3.99246e-06,-3.61212e-06,-3.81612e-06
1.18333e+01,-1.12742e-01,-1.17413e-01,1.12795e-01,1.17465e-01,3.48930e-06,3.80558e-06,-3.53716e-06,-3.71336e-06
1.18667e+01,-1.12742e-01,-1.17413e-01,1.12795e-01,1.17465e-01,2.31143e-06,2.53586e-06,-2.51657e-06,-2.60325e-06
1.19000e+01,-1.12742e-01,-1.17413e-01,1.12794e-01,1.17465e-01,7.70838e-07,9.63108e-07,-8.34947e-07,-8.91745e-07
1.19333e+01,-1.12742e-01,-1.17413e-01,1.12794e-01,1.17465e-01,-3.13551e-07,-1.69199e-07,2.51258e-07,2.40132e-07
1.19667e+01,-1.12742e-01,-1.17413e-01,1.12795e-01,1.17465e-01,-1.14815e-06,-1.04434e-06,1.07516e-06,1.10236e-06
1.20000e+01,-1.12742e-01,-1.17413e-01,1.12795e-01,1.17465e-01,-1.82362e-06,-1.74949e-06,1.75645e-06,1.81116e-06
1.20333e+01,-1.12742e-01,-1.17413e-01,1.12795e-01,1.17465e-01,-2.26499e-06,-2.21147e-06,2.20043e-06,2.27363e-06
1.20667e+01,-1.12742e-01,-1.17413e-01,1.12795e-01,1.17465e-01,-2.32641e-06,-2.27792e-06,2.26297e-06,2.33909e-06
1.21000e+01,-1.12742e-01,-1.17413e-01,1.12795e-01,1.17465e-01,-2.02176e-06,-1.96242e-06,1.96133e-06,2.02454e-06
1.21333e+01,-1.12742e-01,-1.17413e-01,1.12795e-01,1.17465e-01,-1.35026e-06,-1.26414e-06,1.29492e-06,1.32932e-06
1.21667e+01,-1.12742e-01,-1.17413e-01,1.12795e-01,1.17465e-01,-4.44243e-07,-3.21502e-07,3.93829e-07,3.89606e-07
1.22000e+01,-1.12742e-01,-1.17413e-01,1.12795e-01,1.17465e-01,1.96002e-07,3.42686e-07,-2.47777e-07,-2.77908e-07
1.22333e+01,-1.12742e-01,-1.17413e-01,1.12795e-01,1.17465e-01,8.19914e-07,9.89087e-07,-8.76283e-07,-9.30836e-07
1.22667e+01,-1.12742e-01,-1.17413e-01,1.12795e-01,1.17465e-01,1.21550e-06,1.39828e-06,-1.27389e-06,-1.34395e-06
1.23000e+01,-1.12742e-01,-1.17413e-01,1.12795e-01,1.17465e-01,1.37297e-06,1.56012e-06,-1.43054e-06,-1.50684e-06
1.23333e+01,-1.12742e-01,-1.17413e-01,1.12795e-01,1.17465e-01,1.34556e-06,1.52970e-06,-1.40106e-06,-1.47618e-06
1.23667e+01,-1.12742e-01,-1.17413e-01,1.12795e-01,1.17465e-01,1.15047e-06,1.32470e-06,-1.20353e-06,-1.27055e-06
1.24000e+01,-1.12742e-01,-1.17413e-01,1.12795e-01,1.17465e-01,7.77942e-07,9.35071e-07,-8.27695e-07,-8.79395e-07
1.24333e+01,-1.12742e-01,-1.17413e-01,1.12795e-01,1.17465e-01,3.26320e-07,4.62967e-07,-3.73199e-07,-4.06165e-07
1.24667e+01,-1.12742e-01,-1.17413e-01,1.12795e-01,1.17465e-01,-4.26856e-08,7.63344e-08,-3.89102e-09,-2.09505e-08
1.25000e+01,-1.12742e-01,-1.17413e-01,1.12795e-01,1.17465e-01,-4.34914e-07,-3.34750e-07,3.87469e-07,3.87575e-07
1.25333e+01,-1.12742e-01,-1.17413e-01,1.12795e-01,1.17465e-01,-8.33195e-07,-7.52340e-07,7.83937e-07,8.01690e-07
1.25667e+01,-1.12742e-01,-1.17413e-01,1.12795e-01,1.17465e-01,-9.22256e-07,-8.46909e-07,8.74402e-07,8.96027e-07
1.26000e+01,-1.12742e-01,-1.17413e-01,1.12795e-01,1.17465e-01,-9.73706e-07,-9.02344e-07,9.26888e-07,9.50891e-07
1.26333e+01,-1.12742e-01,-1.17413e-01,1.12795e-01,1.17465e-01,-9.68216e-07,-8.98669e-07,9.21436e-07,9.45673e-07
1.26667e+01,-1.12742e-01,-1.17413e-01,1.12795e-01,1.17465e-01,-8.75426e-07,-8.04252e-07,8.27678e-07,8.48734e-07
1.27000e+01,-1.12742e-01,-1.17413e-01,1.12795e-01,1.17465e-01,-6.53642e-07,-5.75494e-07,6.04550e-07,6.17103e-07
1.27333e+01,-1.12742e-01,-1.17413e-01,1.12795e-01,1.17465e-01,-2.68246e-07,-1.76271e-07,2.17666e-07,2.14888e-07
1.27667e+01,-1.12742e-01,-1.17413e-01,1.12795e-01,1.17465e-01,-3.87454e-09,9.72608e-08,-4.67148e-08,-6.01296e-08
1.28000e+01,-1.12742e-01,-1.17413e-01,1.12795e-01,1.17465e-01,2.35402e-07,3.45039e-07,-2.84556e-07,-3.07926e-07
1.28333e+01,-1.12742e-01,-1.17413e-01,1.12795e-01,1.17465e-01,4.46506e-07,5.63957e-07,-4.92386e-07,-5.24998e-07
1.28667e+01,-1.12742e-01,-1.17413e-01,1.12795e-01,1.17465e-01,6.07746e-07,7.31292e-07,-6.48989e-07,-6.89103e-07
1.29000e+01,-1.12742e-01,-1.17413e-01,1.12795e-01,1.17465e-01,6.80911e-07,8.06164e-07,-7.20418e-07,-7.63620e-07
1.29333e+01,-1.12742e-01,-1.17413e-01,1.12795e-01,1.17465e-01,6.54350e-07,7.76889e-07,-6.93200e-07,-7.35046e-07
1.29667e+01,-1.12742e-01,-1.17413e-01,1.12795e-01,1.17465e-01,5.06667e-07,6.21069e-07,-5.46350e-07,-5.81397e-07
1.30000e+01,-1.12742e-01,-1.17413e-01,1.12795e-01,1.17465e-01,3.44446e-07,4.50319e-07,-3.84198e-07,-4.12033e-07
1.30333e+01,-1.12742e-01,-1.17413e-01,1.12795e-01,1.17465e-01,1.21576e-07,2.16309e-07,-1.61809e-07,-1.79794e-07
1.30667e+01,-1.12742e-01,-1.17413e-01,1.12795e-01,1.17465e-01,-1.13209e-07,-2.98919e-08,7.32880e-08,6.54465e-08
1.31000e+01,-1.12742e-01,-1.17413e-01,1.12795e-01,1.17465e-01,-3.59911e-07,-2.88283e-07,3.21092e-07,3.23690e-07
1.31333e+01,-1.12742e-01,-1.17413e-01,1.12795e-01,1.17465e-01,-5.05293e-07,-4.41221e-07,4.67024e-07,4.75947e-07
1.31667e+01,-1.12742e-01,-1.17413e-01,1.12795e-01,1.17465e-01,-5.85719e-07,-5.26485e-07,5.47879e-07,5.60428e-07
1.32000e+01,-1.12742e-01,-1.17413e-01,1.12795e-01,1.17465e-01,-6.30102e-07,-5.74113e-07,5.92914e-07,6.07516e-07
1.32333e+01,-1.12742e-01,-1.17413e-01,1.12795e-01,1.17465e-01,-6.38443e-07,-5.84106e-07,6.02128e-07,6.17212e-07
1.32667e+01,-1.12742e-01,-1.17413e-01,1.12795e-01,1.17465e-01,-6.10741e-07,-5.56464e-07,5.75521e-07,5.89514e-07
1.33000e+01,-1.12742e-01,-1.17413e-01,1.12795e-01,1.17465e-01,-5.55638e-07,-5.00608e-07,5.20082e-07,5.32188e-07
1.33333e+01,-1.12742e-01,-1.17413e-01,1.12795e-01,1.17465e-01,-4.84667e-07,-4.29111e-07,4.45132e-07,4.55596e-07
1.33667e+01,-1.12742e-01,-1.17413e-01,1.12795e-01,1.17465e-01,-3.85728e-07,-3.28781e-07,3.40889e-07,3.48865e-07
1.34000e+01,-1.12742e-01,-1.17413e-01,1.12795e-01,1.17465e-01,-2.58821e-07,-1.99619e-07,2.07355e-07,2.11997e-07
1.34333e+01,-1.12742e-01,-1.17413e-01,1.12795e-01,1.17465e-01,-1.03946e-07,-4.16236e-08,4.45276e-08,4.49906e-08
1.34667e+01,-1.12742e-01,-1.17413e-01,1.12795e-01,1.17465e-01,7.88979e-08,1.45204e-07,-1.47592e-07,-1.52154e-07
1.35000e+01,-1.12742e-01,-1.17413e-01,1.12795e-01,1.17465e-01,3.61069e-07,4.31409e-07,-4.54630e-07,-4.64423e-07
1.35333e+01,-1.12742e-01,-1.17413e-01,1.12795e-01,1.17465e-01,2.90592e-07,3.60759e-07,-3.68194e-07,-3.78755e-07
1.35667e+01,-1.12742e-01,-1.17413e-01,1.12795e-01,1.17465e-01,2.20116e-07,2.90109e-07,-2.81758e-07,-2.93087e-07
1.36000e+01,-1.12742e-01,-1.17413e-01,1.12795e-01,1.17465e-01,1.49639e-07,2.19458e-07,-1.95322e-07,-2.07419e-07
1.36333e+01,-1.12742e-01,-1.17413e-01,1.12795e-01,1.17465e-01,7.91625e-08,1.48808e-07,-1.08886e-07,-1.21751e-07
1.36667e+01,-1.12742e-01,-1.17413e-01,1.12795e-01,1.17465e-01,-1.01910e-08,5.62920e-08,-1.26114e-08,-2.32017e-08
1.37000e+01,-1.12742e-01,-1.17413e-01,1.12795e-01,1.17465e-01,-1.13164e-07,-5.19995e-08,9.07610e-08,8.46409e-08
1.37333e+01,-1.12742e-01,-1.17413e-01,1.12795e-01,1.17465e-01,-2.16137e-07,-1.60291e-07,1.94133e-07,1.92483e-07
1.37667e+01,-1.12742e-01,-1.17413e-01,1.12795e-01,1.17465e-01,-3.19111e-07,-2.68583e-07,2.97506e-07,3.00326e-07
1.38000e+01,-1.12742e-01,-1.17413e-01,1.12795e-01,1.17465e-01,-4.22084e-07,-3.76874e-07,4.00878e-07,4.08169e-07
1.38333e+01,-1.12742e-01,-1.17413e-01,1.12795e-01,1.17465e-01,-5.25057e-07,-4.85166e-07,5.04250e-07,5.16011e-07
1.38667e+01,-1.12742e-01,-1.17413e-01,1.12795e-01,1.17465e-01,-6.28030e-07,-5.93457e-07,6.07623e-07,6.23854e-07
1.39000e+01,-1.12742e-01,-1.17413e-01,1.12795e-01,1.17465e-01,-7.68527e-07,-7.40686e-07,7.48739e-07,7.70934e-07
1.39333e+01,-1.12742e-01,-1.17413e-01,1.12795e-01,1.17465e-01,-9.11328e-07,-8.90306e-07,8.92174e-07,9.20424e-07
1.39667e+01,-1.12743e-01,-1.17413e-01,1.12795e-01,1.17465e-01,-1.05413e-06,-1.03993e-06,1.03561e-06,1.06991e-06
1.40000e+01,-1.12743e-01,-1.17413e-01,1.12795e-01,1.17466e-01,-1.19693e-06,-1.18955e-06,1.17904e-06,1.21940e-06
1.40333e+01,-1.12743e-01,-1.17413e-01,1.12795e-01,1.17466e-01,-1.33973e-06,-1.33917e-06,1.32248e-06,1.36889e-06
1.40667e+01,-1.12743e-01,-1.17413e-01,1.12795e-01,1.17466e-01,-1.48253e-06,-1.48879e-06,1.46591e-06,1.51838e-06
1.41000e+01,-1.12743e-01,-1.17413e-01,1.12795e-01,1.17466e-01,-8.37129e-07,-8.18213e-07,8.16948e-07,8.43489e-07
1.41333e+01,-1.12743e-01,-1.17413e-01,1.12795e-01,1.17466e-01,2.01352e-06,2.14702e-06,-2.04940e-06,-2.13819e-06
1.41667e+01,-1.12743e-01,-1.17413e-01,1.12795e-01,1.17466e-01,4.29687e-06,4.52840e-06,-4.31963e-06,-4.50720e-06
1.42000e+01,-1.12742e-01,-1.17413e-01,1.12795e-01,1.17465e-01,5.58130e-06,5.86496e-06,-5.60711e-06,-5.84754e-06
1.42333e+01,-1.12742e-01,-1.17413e-01,1.12795e-01,1.17465e-01,5.78794e-06,6.07727e-06,-5.82200e-06,-6.06881e-06
1.42667e+01,-1.12742e-01,-1.17413e-01,1.12795e-01,1.17465e-01,4.94045e-06,5.19117e-06,-4.98312e-06,-5.19203e-06
1.43000e+01,-1.12742e-01,-1.17413e-01,1.12794e-01,1.17465e-01,3.37309e-06,3.55824e-06,-3.41166e-06,-3.55569e-06
1.43333e+01,-1.12742e-01,-1.17412e-01,1.12794e-01,1.17465e-01,1.25296e-06,1.35265e-06,-1.27439e-06,-1.33365e-06
1.43667e+01,-1.12742e-01,-1.17412e-01,1.12794e-01,1.17465e-01,-5.86326e-07,-5.63660e-07,5.68635e-07,5.85741e-07
1.44000e+01,-1.12742e-01,-1.17413e-01,1.12794e-01,1.17465e-01,-2.37656e-06,-2.42984e-06,2.35868e-06,2.45107e-06
1.44333e+01,-1.12742e-01,-1.17413e-01,1.12794e-01,1.17465e-01,-3.51667e-06,-3.61817e-06,3.50048e-06,3.64043e-06
1.44667e+01,-1.12742e-01,-1.17413e-01,1.12795e-01,1.17465e-01,-4.17201e-06,-4.30154e-06,4.15684e-06,4.32420e-06
1.45000e+01,-1.12742e-01,-1.17413e-01,1.12795e-01,1.17465e-01,-4.03749e-06,-4.16265e-06,4.02053e-06,4.18289e-06
1.45333e+01,-1.12742e-01,-1.17413e-01,1.12795e-01,1.17465e-01,-3.21368e-06,-3.30524e-06,3.19618e-06,3.32432e-06
1.45667e+01,-1.12742e-01,-1.17413e-01,1.12795e-01,1.17465e-01,-1.77092e-06,-1.80142e-06,1.75891e-06,1.82538e-06
1.46000e+01,-1.12743e-01,-1.17413e-01,1.12795e-01,1.17465e-01,2.79816e-08,7.09070e-08,-4.48166e-08,-5.23613e-08
1.46333e+01,-1.12742e-01,-1.17413e-01,1.12795e-01,1.17465e-01,2.20911e-06,2.34239e-06,-2.22720e-06,-2.32568e-06
1.46667e+01,-1.12742e-01,-1.17413e-01,1.12795e-01,1.17465e-01,3.79238e-06,3.99104e-06,-3.81143e-06,-3.97586e-06
1.47000e+01,-1.12742e-01,-1.17413e-01,1.12795e-01,1.17465e-01,4.38388e-06,4.60428e-06,-4.41215e-06,-4.59890e-06
1.47333e+01,-1.12742e-01,-1.17413e-01,1.12795e-01,1.17465e-01,4.05862e-06,4.26134e-06,-4.10014e-06,-4.26976e-06
1.47667e+01,-1.12742e-01,-1.17413e-01,1.12794e-01,1.17465e-01,2.85956e-06,3.00917e-06,-2.90958e-06,-3.02664e-06
1.48000e+01,-1.12742e-01,-1.17413e-01,1.12794e-01,1.17465e-01,6.78531e-07,7.30724e-07,-7.49626e-07,-7.69815e-07
1.48333e+01,-1.12742e-01,-1.17413e-01,1.12794e-01,1.17465e-01,-1.96014e-06,-2.00594e-06,1.94206e-06,2.01933e-06
1.48667e+01,-1.12742e-01,-1.17413e-01,1.12795e-01,1.17465e-01,-3.78534e-06,-3.90705e-06,3.77232e-06,3.92499e-06
1.49000e+01,-1.12742e-01,-1.17413e-01,1.12795e-01,1.17465e-01,-4.38465e-06,-4.53309e-06,4.36790e-06,4.54678e-06
1.49333e+01,-1.12742e-01,-1.17413e-01,1.12795e-01,1.17465e-01,-4.13660e-06,-4.27465e-06,4.12242e-06,4.29040e-06
1.49667e+01,-1.12742e-01,-1.17413e-01,1.12795e-01,1.17465e-01,-2.98595e-06,-3.07505e-06,2.97722e-06,3.09575e-06
1.50000e+01,-1.12742e-01,-1.17413e-01,1.12795e-01,1.17465e-01,-1.69712e-06,-1.73274e-06,1.68874e-06,1.75331e-06
1.50333e+01,-1.12743e-01,-1.17413e-01,1.12795e-01,1.17465e-01,2.19525e-08,5.79811e-08,-2.94938e-08,-3.70491e-08
1.50667e+01,-1.12743e-01,-1.17413e-01,1.12795e-01,1.17465e-01,1.67729e-06,1.78221e-06,-1.68437e-06,-1.76129e-06
1.51000e+01,-1.12742e-01,-1.17413e-01,1.12795e-01,1.17465e-01,3.04005e-06,3.19957e-06,-3.05477e-06,-3.18676e-06
1.51333e+01,-1.12742e-01,-1.17413e-01,1.12795e-01,1.17465e-01,3.87464e-06,4.06208e-06,-3.91515e-06,-4.07551e-06
1.51667e+01,-1.12742e-01,-1.17413e-01,1.12795e-01,1.17465e-01,3.99324e-06,4.17979e-06,-4.05479e-06,-4.21471e-06
1.52000e+01,-1.12742e-01,-1.17413e-01,1.12795e-01,1.17465e-01,3.29972e-06,3.46069e-06,-3.34509e-06,-3.47986e-06
1.52333e+01,-1.12742e-01,-1.17413e-01,1.12794e-01,1.17465e-01,1.97703e-06,2.08897e-06,-1.99461e-06,-2.08079e-06
1.52667e+01,-1.12742e-01,-1.17413e-01,1.12794e-01,1.17465e-01,4.08075e-07,4.56021e-07,-4.16352e-07,-4.38967e-07
1.53000e+01,-1.12742e-01,-1.17413e-01,1.12794e-01,1.17465e-01,-1.24550e-06,-1.26712e-06,1.23843e-06,1.28495e-06
1.53333e+01,-1.12742e-01,-1.17413e-01,1.12794e-01,1.17465e-01,-2.65369e-06,-2.73544e-06,2.64434e-06,2.75059e-06
1.53667e+01,-1.12742e-01,-1.17413e-01,1.12795e-01,1.17465e-01,-3.63493e-06,-3.75804e-06,3.62680e-06,3.77399e-06
1.54000e+01,-1.12742e-01,-1.17413e-01,1.12795e-01,1.17465e-01,-3.97833e-06,-4.11165e-06,3.98894e-06,4.14595e-06
1.54333e+01,-1.12742e-01,-1.17413e-01,1.12795e-01,1.17465e-01,-3.58532e-06,-3.70000e-06,3.60657e-06,3.74455e-06
1.54667e+01,-1.12742e-01,-1.17413e-01,1.12795e-01,1.17465e-01,-2.56938e-06,-2.64396e-06,2.58268e-06,2.68018e-06
1.55000e+01,-1.12743e-01,-1.17413e-01,1.12795e-01,1.17465e-01,-6.87150e-07,-6.88807e-07,6.78631e-07,7.02824e-07
1.55333e+01,-1.12743e-01,-1.17413e-01,1.12795e-01,1.17465e-01,1.90644e-06,2.01230e-06,-1.91779e-06,-2.00149e-06
1.55667e+01,-1.12742e-01,-1.17413e-01,1.12795e-01,1.17465e-01,3.49378e-06,3.66575e-06,-3.50496e-06,-3.65513e-06
1.56000e+01,-1.12742e-01,-1.17413e-01,1.12795e-01,1.17465e-01,3.35783e-06,3.52086e-06,-3.38005e-06,-3.52165e-06
1.56333e+01,-1.12742e-01,-1.17413e-01,1.12795e-01,1.17465e-01,2.43062e-06,2.55498e-06,-2.45022e-06,-2.55350e-06
1.56667e+01,-1.12742e-01,-1.17413e-01,1.12795e-01,1.17465e-01,1.18282e-06,1.25658e-06,-1.19377e-06,-1.24681e-06
1.57000e+01,-1.12742e-01,-1.17413e-01,1.12795e-01,1.17465e-01,-8.25536e-08,-6.09106e-08,7.70278e-08,7.57698e-08
1.57333e+01,-1.12742e-01,-1.17413e-01,1.12795e-01,1.17465e-01,-1.11716e-06,-1.13999e-06,1.10900e-06,1.15187e-06
1.57667e+01,-1.12742e-01,-1.17413e-01,1.12795e-01,1.17465e-01,-1.86842e-06,-1.92369e-06,1.85817e-06,1.93315e-06
1.58000e+01,-1.12742e-01,-1.17413e-01,1.12795e-01,1.17465e-01,-2.20829e-06,-2.27836e-06,2.19754e-06,2.28699e-06
1.58333e+01,-1.12742e-01,-1.17413e-01,1.12795e-01,1.17465e-01,-2.02904e-06,-2.09139e-06,2.02075e-06,2.10217e-06
1.58667e+01,-1.12742e-01,-1.17413e-01,1.12795e-01,1.17465e-01,-1.23275e-06,-1.26044e-06,1.23122e-06,1.27767e-06
1.59000e+01,-1.12742e-01,-1.17413e-01,1.12795e-01,1.17465e-01,2.82163e-07,3.20893e-07,-2.70450e-07,-2.90739e-07
1.59333e+01,-1.12742e-01,-1.17413e-01,1.12795e-01,1.17465e-01,1.10302e-06,1.17059e-06,-1.11195e-06,-1.16138e-06
1.59667e+01,-1.12742e-01,-1.17413e-01,1.12795e-01,1.17465e-01,1.13481e-06,1.20331e-06,-1.14378e-06,-1.19444e-06
1.60000e+01,-1.12742e-01,-1.17413e-01,1.12795e-01,1.17465e-01,8.75846e-07,9.33704e-07,-8.82409e-07,-9.22728e-07
1.60333e+01,-1.12742e-01,-1.17413e-01,1.12795e-01,1.17465e-01,5.97048e-07,6.41282e-07,-6.09828e-07,-6.36814e-07
1.60667e+01,-1.12742e-01,-1.17413e-01,1.12795e-01,1.17465e-01,7.79104e-08,1.01756e-07,-8.37393e-08,-9.06225e-08
1.61000e+01,-1.12742e-01,-1.17413e-01,1.12795e-01,1.17465e-01,-4.32745e-07,-4.29517e-07,4.31508e-07,4.44962e-07
1.61333e+01,-1.12742e-01,-1.17413e-01,1.12795e-01,1.17465e-01,-8.02731e-07,-8.16640e-07,7.96442e-07,8.26755e-07
1.61667e+01,-1.12742e-01,-1.17413e-01,1.12795e-01,1.17465e-01,-9.66719e-07,-9.89582e-07,9.53547e-07,9.92543e-07
1.62000e+01,-1.12742e-01,-1.17413e-01,1.12795e-01,1.17465e-01,-6.87072e-07,-6.98242e-07,6.75168e-07,7.02204e-07
1.62333e+01,-1.12742e-01,-1.17413e-01,1.12795e-01,1.17465e-01,-6.74324e-08,-5.24555e-08,5.75802e-08,5.82061e-08
1.62667e+01,-1.12742e-01,-1.17413e-01,1.12795e-01,1.17465e-01,7.50997e-07,8.01435e-07,-7.54909e-07,-7.90002e-07
1.63000e+01,-1.12742e-01,-1.17413e-01,1.12795e-01,1.17465e-01,1.27523e-06,1.34582e-06,-1.28513e-06,-1.34062e-06
1.63333e+01,-1.12742e-01,-1.17413e-01,1.12795e-01,1.17465e-01,1.15630e-06,1.21914e-06,-1.17589e-06,-1.22389e-06
1.63667e+01,-1.12742e-01,-1.17413e-01,1.12795e-01,1.17465e-01,2.43768e-07,2.67251e-07,-2.66486e-07,-2.75375e-07
1.64000e+01,-1.12742e-01,-1.17413e-01,1.12795e-01,1.17465e-01,-1.79845e-06,-1.86131e-06,1.77404e-06,1.85125e-06
1.64333e+01,-1.12742e-01,-1.17413e-01,1.12795e-01,1.17465e-01,-5.28855e-06,-5.49786e-06,5.26474e-06,5.48817e-06
1.64667e+01,-1.12743e-01,-1.17413e-01,1.12795e-01,1.17465e-01,-1.04987e-05,-1.09276e-05,1.04714e-05,1.09142e-05
1.65000e+01,-1.12743e-01,-1.17414e-01,1.12795e-01,1.17466e-01,-1.76305e-05,-1.83583e-05,1.76047e-05,1.83461e-05
1.65333e+01,-1.12744e-01,-1.17414e-01,1.12796e-01,1.17466e-01,-1.07560e-05,-1.11869e-05,1.07660e-05,1.12103e-05
1.65667e+01,-1.12744e-01,-1.17414e-01,1.12796e-01,1.17467e-01,-9.61998e-07,-9.81322e-07,9.77319e-07,1.00985e-06
1.66000e+01,-1.12744e-01,-1.17414e-01,1.12796e-01,1.17466e-01,8.51648e-06,8.88820e-06,-8.52505e-06,-8.88378e-06
1.66333e+01,-1.12743e-01,-1.17414e-01,1.12796e-01,1.17466e-01,1.44948e-05,1.51157e-05,-1.45076e-05,-1.51158e-05
1.66667e+01,-1.12743e-01,-1.17413e-01,1.12795e-01,1.17465e-01,1.67685e-05,1.74871e-05,-1.67710e-05,-1.74771e-05
1.67000e+01,-1.12742e-01,-1.17413e-01,1.12794e-01,1.17465e-01,1.56673e-05,1.63350e-05,-1.56871e-05,-1.63426e-05
1.67333e+01,-1.12742e-01,-1.17412e-01,1.12794e-01,1.17464e-01,1.15100e-05,1.19989e-05,-1.15474e-05,-1.20241e-05
1.67667e+01,-1.12741e-01,-1.17412e-01,1.12794e-01,1.17464e-01,5.16410e-06,5.39150e-06,-5.18239e-06,-5.39784e-06
1.68000e+01,-1.12741e-01,-1.17412e-01,1.12794e-01,1.17464e-01,-1.42525e-06,-1.47112e-06,1.41971e-06,1.47733e-06
1.68333e+01,-1.12741e-01,-1.17412e-01,1.12794e-01,1.17464e-01,-3.93281e-06,-4.07959e-06,3.94501e-06,4.10334e-06
1.68667e+01,-1.12742e-01,-1.17412e-01,1.12794e-01,1.17464e-01,-9.48012e-06,-9.86113e-06,9.48654e-06,9.87892e-06
1.69000e+01,-1.12742e-01,-1.17412e-01,1.12794e-01,1.17465e-01,-1.17387e-05,-1.22163e-05,1.17382e-05,1.22270e-05
1.69333e+01,-1.12742e-01,-1.17413e-01,1.12795e-01,1.17465e-01,-1.10932e-05,-1.15555e-05,1.10470e-05,1.15203e-05
1.69667e+01,-1.12743e-01,-1.17413e-01,1.12795e-01,1.17466e-01,-7.84366e-06,-8.18259e-06,7.74730e-06,8.09703e-06
1.70000e+01,-1.12743e-01,-1.17413e-01,1.12795e-01,1.17466e-01,-1.96882e-06,-2.07600e-06,1.81558e-06,1.93338e-06
1.70333e+01,-1.12743e-01,-1.17413e-01,1.12795e-01,1.17466e-01,6.50969e-06,6.79240e-06,-6.52458e-06,-6.79684e-06
1.70667e+01,-1.12742e-01,-1.17413e-01,1.12795e-01,1.17465e-01,7.64163e-06,7.97393e-06,-7.64708e-06,-7.96911e-06
1.71000e+01,-1.12742e-01,-1.17413e-01,1.12795e-01,1.17465e-01,7.18168e-06,7.49494e-06,-7.18529e-06,-7.48845e-06
1.71333e+01,-1.12742e-01,-1.17412e-01,1.12794e-01,1.17465e-01,5.69197e-06,5.94389e-06,-5.69033e-06,-5.93231e-06
1.71667e+01,-1.12742e-01,-1.17412e-01,1.12794e-01,1.17465e-01,2.94870e-06,3.08492e-06,-2.94904e-06,-3.07548e-06
1.72000e+01,-1.12742e-01,-1.17412e-01,1.12794e-01,1.17465e-01,-3.69368e-07,-3.73832e-07,3.63497e-07,3.77574e-07
1.72333e+01,-1.12742e-01,-1.17412e-01,1.12794e-01,1.17465e-01,-3.66243e-06,-3.80485e-06,3.65770e-06,3.80958e-06
1.72667e+01,-1.12742e-01,-1.17413e-01,1.12794e-01,1.17465e-01,-5.62745e-06,-5.85265e-06,5.62189e-06,5.85639e-06
1.73000e+01,-1.12742e-01,-1.17413e-01,1.12795e-01,1.17465e-01,-5.91621e-06,-6.15257e-06,5.91521e-06,6.16071e-06
1.73333e+01,-1.12742e-01,-1.17413e-01,1.12795e-01,1.17465e-01,-4.81004e-06,-5.00438e-06,4.79249e-06,4.99583e-06
1.73667e+01,-1.12743e-01,-1.17413e-01,1.12795e-01,1.17465e-01,-3.82033e-06,-3.98022e-06,3.77553e-06,3.94426e-06
1.74000e+01,-1.12743e-01,-1.17413e-01,1.12795e-01,1.17466e-01,-3.12774e-06,-3.25932e-06,3.08079e-06,3.22108e-06
1.74333e+01,-1.12743e-01,-1.17413e-01,1.12795e-01,1.17466e-01,-2.56924e-06,-2.67671e-06,2.52583e-06,2.64186e-06
1.74667e+01,-1.12743e-01,-1.17413e-01,1.12795e-01,1.17466e-01,-2.15002e-06,-2.23740e-06,2.11737e-06,2.21316e-06
1.75000e+01,-1.12743e-01,-1.17413e-01,1.12795e-01,1.17466e-01,-1.89963e-06,-1.97199e-06,1.88571e-06,1.96635e-06
1.75333e+01,-1.12743e-01,-1.17413e-01,1.12795e-01,1.17466e-01,-1.64924e-06,-1.70658e-06,1.65405e-06,1.71953e-06
1.75667e+01,-1.12743e-01,-1.17414e-01,1.12795e-01,1.17466e-01,-1.43846e-06,-1.48219e-06,1.46295e-06,1.51470e-06
1.76000e+01,-1.12743e-01,-1.17414e-01,1.12795e-01,1.17466e-01,-1.29089e-06,-1.32328e-06,1.33662e-06,1.37690e-06
1.76333e+01,-1.12743e-01,-1.17414e-01,1.12795e-01,1.17466e-01,-1.14333e-06,-1.16437e-06,1.21030e-06,1.23909e-06
1.76667e+01,-1.12743e-01,-1.17414e-01,1.12795e-01,1.17466e-01,-1.09019e-06,-1.11465e-06,1.13530e-06,1.16739e-06
1.77000e+01,-1.12743e-01,-1.17414e-01,1.12796e-01,1.17466e-01,-1.11743e-06,-1.15640e-06,1.10991e-06,1.15639e-06
1.77333e+01,-1.12743e-01,-1.17414e-01,1.12796e-01,1.17466e-01,-1.23664e-06,-1.28034e-06,1.23080e-06,1.28189e-06
1.77667e+01,-1.12743e-01,-1.17414e-01,1.12796e-01,1.17466e-01,-1.20288e-06,-1.24636e-06,1.19293e-06,1.24367e-06
1.78000e+01,-1.12743e-01,-1.17414e-01,1.12796e-01,1.17466e-01,-8.31643e-07,-8.65493e-07,7.98679e-07,8.39671e-07
1.78333e+01,-1.12743e-01,-1.17414e-01,1.12796e-01,1.17466e-01,-2.14328e-07,-2.16678e-07,2.04387e-07,2.13762e-07
1.78667e+01,-1.12743e-01,-1.17414e-01,1.12796e-01,1.17466e-01,7.53459e-07,7.99037e-07,-7.33457e-07,-7.72128e-07
1.79000e+01,-1.12743e-01,-1.17414e-01,1.12796e-01,1.17466e-01,2.06812e-06,2.17285e-06,-2.03140e-06,-2.12934e-06
1.79333e+01,-1.12743e-01,-1.17414e-01,1.12795e-01,1.17466e-01,3.72810e-06,3.90443e-06,-3.68278e-06,-3.85242e-06
1.79667e+01,-1.12743e-01,-1.17413e-01,1.12795e-01,1.17466e-01,5.71971e-06,5.97685e-06,-5.68448e-06,-5.93504e-06
1.80000e+01,-1.12743e-01,-1.17413e-01,1.12795e-01,1.17466e-01,7.98300e-06,8.32540e-06,-7.98549e-06,-8.32143e-06
1.80333e+01,-1.12742e-01,-1.17413e-01,1.12795e-01,1.17465e-01,9.19421e-06,9.58847e-06,-9.19180e-06,-9.57971e-06
1.80667e+01,-1.12742e-01,-1.17413e-01,1.12794e-01,1.17465e-01,8.23708e-06,8.59483e-06,-8.21971e-06,-8.57122e-06
1.81000e+01,-1.12742e-01,-1.17412e-01,1.12794e-01,1.17465e-01,5.95842e-06,6.21542e-06,-5.96142e-06,-6.21227e-06
1.81333e+01,-1.12742e-01,-1.17412e-01,1.12794e-01,1.17465e-01,3.61993e-06,3.77689e-06,-3.63042e-06,-3.78134e-06
1.81667e+01,-1.12742e-01,-1.17412e-01,1.12794e-01,1.17465e-01,1.34175e-06,1.40469e-06,-1.34586e-06,-1.40286e-06
1.82000e+01,-1.12742e-01,-1.17412e-01,1.12794e-01,1.17465e-01,-9.37706e-07,-9.68604e-07,9.40919e-07,9.77667e-07
1.82333e+01,-1.12742e-01,-1.17412e-01,1.12794e-01,1.17465e-01,-2.82469e-06,-2.92662e-06,2.86055e-06,2.96823e-06
1.82667e+01,-1.12742e-01,-1.17413e-01,1.12795e-01,1.17465e-01,-4.47724e-06,-4.63658e-06,4.56086e-06,4.72586e-06
1.83000e+01,-1.12742e-01,-1.17413e-01,1.12795e-01,1.17465e-01,-5.97839e-06,-6.19754e-06,6.07485e-06,6.29958e-06
1.83333e+01,-1.12743e-01,-1.17413e-01,1.12795e-01,1.17466e-01,-7.19597e-06,-7.47947e-06,7.23989e-06,7.52887e-06
1.83667e+01,-1.12743e-01,-1.17413e-01,1.12795e-01,1.17466e-01,-7.97723e-06,-8.30567e-06,7.97302e-06,8.30685e-06
1.84000e+01,-1.12743e-01,-1.17414e-01,1.12796e-01,1.17466e-01,-3.61655e-06,-3.77793e-06,3.55010e-06,3.71679e-06
1.84333e+01,-1.12743e-01,-1.17414e-01,1.12795e-01,1.17466e-01,3.99658e-07,3.48704e-07,-6.96488e-07,-6.40322e-07
1.84667e+01,-1.12743e-01,-1.17413e-01,1.12795e-01,1.17466e-01,4.43022e-06,4.55866e-06,-4.68496e-06,-4.80828e-06
1.85000e+01,-1.12743e-01,-1.17413e-01,1.12795e-01,1.17466e-01,8.41178e-06,8.76324e-06,-8.44245e-06,-8.78887e-06
1.85333e+01,-1.12742e-01,-1.17413e-01,1.12795e-01,1.17465e-01,1.13129e-05,1.17923e-05,-1.13182e-05,-1.17926e-05
1.85667e+01,-1.12742e-01,-1.17412e-01,1.12794e-01,1.17465e-01,9.44159e-06,9.82470e-06,-9.51733e-06,-9.89556e-06
1.86000e+01,-1.12742e-01,-1.17412e-01,1.12794e-01,1.17465e-01,5.91551e-06,6.17038e-06,-5.91282e-06,-6.16290e-06
1.86333e+01,-1.12742e-01,-1.17412e-01,1.12794e-01,1.17464e-01,2.62074e-06,2.74077e-06,-2.60464e-06,-2.71995e-06
1.86667e+01,-1.12742e-01,-1.17412e-01,1.12794e-01,1.17464e-01,-5.83339e-07,-5.94371e-07,6.12789e-07,6.28462e-07
1.87000e+01,-1.12742e-01,-1.17412e-01,1.12794e-01,1.17465e-01,-3.75514e-06,-3.90072e-06,3.77859e-06,3.92875e-06
1.87333e+01,-1.12742e-01,-1.17412e-01,1.12794e-01,1.17465e-01,-6.30765e-06,-6.49845e-06,6.57770e-06,6.77300e-06
1.87667e+01,-1.12742e-01,-1.17413e-01,1.12795e-01,1.17465e-01,-7.88272e-06,-8.20186e-06,7.90483e-06,8.22838e-06
1.88000e+01,-1.12742e-01,-1.17413e-01,1.12795e-01,1.17465e-01,-6.80726e-06,-7.09412e-06,6.77871e-06,7.06991e-06
1.88333e+01,-1.12743e-01,-1.17413e-01,1.12795e-01,1.17466e-01,-5.43521e-06,-5.64322e-06,5.49209e-06,5.70437e-06
1.88667e+01,-1.12743e-01,-1.17413e-01,1.12795e-01,1.17466e-01,-3.89896e-06,-4.03695e-06,3.97861e-06,4.12080e-06
1.89000e+01,-1.12743e-01,-1.17413e-01,1.12795e-01,1.17466e-01,-2.53180e-06,-2.63861e-06,2.50771e-06,2.61865e-06
1.89333e+01,-1.12743e-01,-1.17413e-01,1.12795e-01,1.17466e-01,-1.76309e-06,-1.83947e-06,1.73218e-06,1.81262e-06
1.89667e+01,-1.12743e-01,-1.17413e-01,1.12795e-01,1.17466e-01,-8.96383e-07,-9.41989e-07,8.43673e-07,8.93276e-07
1.90000e+01,-1.12743e-01,-1.17413e-01,1.12795e-01,1.17466e-01,3.02428e-07,3.17165e-07,-3.14575e-07,-3.25381e-07
1.90333e+01,-1.12743e-01,-1.17413e-01,1.12795e-01,1.17466e-01,1.55783e-06,1.61830e-06,-1.59707e-06,-1.65368e-06
1.90667e+01,-1.12743e-01,-1.17413e-01,1.12795e-01,1.17466e-01,2.97029e-06,3.09888e-06,-2.97373e-06,-3.09852e-06
1.91000e+01,-1.12743e-01,-1.17413e-01,1.12795e-01,1.17466e-01,4.31055e-06,4.54500e-06,-4.11563e-06,-4.34634e-06
1.91333e+01,-1.12742e-01,-1.17413e-01,1.12795e-01,1.17465e-01,5.76419e-06,6.02596e-06,-5.70293e-06,-5.96103e-06
1.91667e+01,-1.12742e-01,-1.17413e-01,1.12795e-01,1.17465e-01,6.33994e-06,6.60933e-06,-6.34418e-06,-6.60995e-06
1.92000e+01,-1.12742e-01,-1.17413e-01,1.12794e-01,1.17465e-01,5.71115e-06,5.95168e-06,-5.72504e-06,-5.96202e-06
1.92333e+01,-1.12742e-01,-1.17412e-01,1.12794e-01,1.17465e-01,4.94433e-06,5.16005e-06,-4.92871e-06,-5.14093e-06
1.92667e+01,-1.12742e-01,-1.17412e-01,1.12794e-01,1.17465e-01,3.92480e-06,4.11596e-06,-3.83649e-06,-4.02420e-06
1.93000e+01,-1.12742e-01,-1.17412e-01,1.12794e-01,1.17464e-01,2.64661e-06,2.80410e-06,-2.47863e-06,-2.63273e-06
1.93333e+01,-1.12742e-01,-1.17412e-01,1.12794e-01,1.17464e-01,1.10890e-06,1.22090e-06,-8.65052e-07,-9.73718e-07
1.93667e+01,-1.12742e-01,-1.17412e-01,1.12794e-01,1.17464e-01,-6.99106e-07,-6.46005e-07,1.01057e-06,9.60744e-07
1.94000e+01,-1.12742e-01,-1.17412e-01,1.12794e-01,1.17465e-01,-2.79533e-06,-2.82117e-06,3.14267e-06,3.17173e-06
1.94333e+01,-1.12742e-01,-1.17412e-01,1.12794e-01,1.17465e-01,-5.16349e-06,-5.30954e-06,5.42764e-06,5.57685e-06
1.94667e+01,-1.12742e-01,-1.17412e-01,1.12794e-01,1.17465e-01,-7.23332e-06,-7.53387e-06,7.22774e-06,7.53141e-06
1.95000e+01,-1.12742e-01,-1.17413e-01,1.12795e-01,1.17465e-01,-7.75217e-06,-8.06868e-06,7.76996e-06,8.08953e-06
1.95333e+01,-1.12743e-01,-1.17413e-01,1.12795e-01,1.17465e-01,-6.95526e-06,-7.24374e-06,6.95190e-06,7.24339e-06
1.95667e+01,-1.12743e-01,-1.17413e-01,1.12795e-01,1.17466e-01,-3.27601e-06,-3.41725e-06,3.24505e-06,3.38925e-06
1.96000e+01,-1.12743e-01,-1.17413e-01,1.12795e-01,1.17466e-01,2.15954e-06,2.24678e-06,-2.18771e-06,-2.27204e-06
1.96333e+01,-1.12743e-01,-1.17413e-01,1.12795e-01,1.17465e-01,8.20820e-06,8.57273e-06,-8.14149e-06,-8.50315e-06
1.96667e+01,-1.12742e-01,-1.17413e-01,1.12795e-01,1.17465e-01,1.42763e-05,1.48924e-05,-1.42202e-05,-1.48335e-05
1.97000e+01,-1.12742e-01,-1.17412e-01,1.12794e-01,1.17465e-01,1.21989e-05,1.27135e-05,-1.22006e-05,-1.27123e-05
1.97333e+01,-1.12741e-01,-1.17412e-01,1.12794e-01,1.17464e-01,6.83570e-06,7.10072e-06,-6.93556e-06,-7.19786e-06
1.97667e+01,-1.12741e-01,-1.17412e-01,1.12794e-01,1.17464e-01,-1.39384e-06,-1.50976e-06,1.15080e-06,1.26940e-06
1.98000e+01,-1.12742e-01,-1.17412e-01,1.12794e-01,1.17464e-01,-1.24982e-05,-1.31046e-05,1.21557e-05,1.27647e-05
1.98333e+01,-1.12742e-01,-1.17413e-01,1.12795e-01,1.17465e-01,-1.79498e-05,-1.87044e-05,1.79279e-05,1.86851e-05
1.98667e+01,-1.12743e-01,-1.17413e-01,1.12795e-01,1.17466e-01,-1.51739e-05,-1.58566e-05,1.49751e-05,1.56603e-05
1.99000e+01,-1.12743e-01,-1.17414e-01,1.12796e-01,1.17466e-01,-8.84480e-06,-9.38727e-06,8.14749e-06,8.69246e-06
1.99333e+01,-1.12743e-01,-1.17414e-01,1.12796e-01,1.17466e-01,2.28570e-06,2.32704e-06,-2.51557e-06,-2.55444e-06
1.99667e+01,-1.12743e-01,-1.17413e-01,1.12795e-01,1.17466e-01,1.88857e-05,2.00739e-05,-1.73179e-05,-1.85037e-05